epoch,loss,da_loss,source_val_macro_f1,selected_rate,selected_classes,mean_js
1,0.7610933250851102,0.5697594462997384,0.8636236891556041,0.5885416666666666,2.138888888888889,0.0013751462441023124
2,0.6345145309136974,0.38839878555801177,0.8636236891556041,0.5729166666666666,1.9861111111111112,0.008463820837075926
3,0.5090828649699688,0.3028500214633014,0.8636236891556041,0.5538194444444444,2.0694444444444446,0.01710006402572617
4,0.46646542143490577,0.2562206591376,0.8908744715788002,0.5729166666666666,2.0694444444444446,0.023943259309615113
5,0.4476173321406047,0.23602390392786926,0.8738621762358828,0.5607638888888888,2.0972222222222223,0.03346764280771216
6,0.35011190217402244,0.1470772067291869,0.8736370827933282,0.5399305555555556,1.9305555555555556,0.044175508276869856
7,0.4085046071559191,0.19707255489710304,0.8843412880026152,0.5677083333333334,2.1666666666666665,0.051818016088671155
8,0.3583921864628792,0.18009030042837063,0.8843412880026152,0.5538194444444444,1.9861111111111112,0.06296104130645593
9,0.3211567455695735,0.12733908106262484,0.8843412880026152,0.5972222222222222,2.138888888888889,0.06457962770946324
10,0.3355735056102276,0.14645167688528696,0.8843412880026152,0.5868055555555556,1.9305555555555556,0.0703961897848381
11,0.3292274493724108,0.15876050210661358,0.8950461460378517,0.5729166666666666,2.013888888888889,0.07992219107432498
12,0.3041611723601818,0.14021559582195348,0.8729110027864596,0.5399305555555556,2.0555555555555554,0.08893159269872639
13,0.2869766445623504,0.1463763918210235,0.8886880917241449,0.5607638888888888,2.0972222222222223,0.09167112622203098
14,0.3088258359995153,0.12805713490686482,0.8886880917241449,0.5607638888888888,2.138888888888889,0.09892864752974775
15,0.3062891343401538,0.16167474320779243,0.8737248258987389,0.5659722222222222,2.0972222222222223,0.10191268634258045
16,0.269842601277762,0.09964186336017317,0.88016428016428,0.5520833333333334,2.0972222222222223,0.10831305896863341
17,0.27479567585719955,0.12602886630015242,0.88016428016428,0.5763888888888888,2.138888888888889,0.10557821858674288
18,0.2928223392615716,0.14680461559651625,0.88016428016428,0.5572916666666666,2.2083333333333335,0.11102265336861213
19,0.2632273741894298,0.09225834305915567,0.88016428016428,0.5486111111111112,2.0416666666666665,0.11626752559095621
20,0.2531485516164038,0.07121722141487731,0.88016428016428,0.5694444444444444,2.0416666666666665,0.11519805083258285
21,0.25696450906495255,0.07554307135028972,0.8737067646158555,0.5590277777777778,2.0694444444444446,0.11150289378646347
22,0.24000724280873934,0.06444808980450034,0.8737067646158555,0.5260416666666666,2.0972222222222223,0.12073193749205934
