epoch,loss,source_val_macro_f1,target_dev_macro_f1,base_ocrda_ramp,adaptation_gate,adaptation_gate_raw,gate_selected_effective_classes,gate_selected_balance,gate_selected_tri_score,gate_source_ema_js,gate_selected_coverage,effective_ocrda_ramp,v742_base_adaptation_weight,v742_controller_multiplier_used,v742_effective_adaptation_weight,v742_next_controller_multiplier,v742_selected_tri_score,v742_source_ema_js,v742_selected_distribution_drift,v742_prototype_drift,v742_source_anchor_drift,v742_source_retention_drop,v742_selected_distribution_stability,v742_prototype_stability,v742_source_anchor_stability,v742_adaptation_maturity,v742_history_ready,v742_plateau_counter,v742_plateau_age,v742_plateau_factor,v742_plateau_active,v742_source_retention_trust,v742_drift_guard,checkpoint_soft_warnings,anti_collapse_triggered,anti_collapse_reasons,anti_collapse_rollback_count_before_epoch_end,pseudo_keep_ratio_used,prior_source_weight_scheduled,prior_source_weight_used,prior_source_js,checkpoint_score,checkpoint_eligible,checkpoint_ineligibility_reasons,checkpoint_effective_class_count_q,checkpoint_max_hard_pseudo_fraction,checkpoint_selected_effective_class_count,checkpoint_selected_max_class_fraction,checkpoint_selected_total_count,checkpoint_q_l1_drift,post_tri_consensus_rate,post_selected_any_rate,post_mean_selected_tri_score,post_mean_source_ema_js,mean_source_ce_loss,mean_target_source_anchor_ce_loss,mean_soft_pseudo_ce_loss,mean_ema_consistency_loss,mean_source_teacher_consistency_loss,mean_prototype_contrastive_loss,mean_cosine_alignment_loss,mean_ranking_topology_loss,mean_selected_pseudo_rate_batch,mean_selected_weight_batch,mean_topology_gradient_classes_batch,mean_topology_pairs_with_current_gradient_batch,mean_prototype_memory_initialized_classes,post_q_mean_BG,post_target_prior_BG,post_sampling_prior_BG,post_q_mean_Healthy,post_target_prior_Healthy,post_sampling_prior_Healthy,post_q_mean_WSSV,post_target_prior_WSSV,post_sampling_prior_WSSV
9,0.3882252627776729,0.8803846924464035,0.4566363024518367,0.045454545454545456,0.8726975512968174,0.8726975512968174,1.0,1.0,1.0,1.0,0.773892730474472,0.0396680705134917,0.0396680705134917,1.0,0.0396680705134917,0.8243618511888634,0.8713465929031372,0.0011401239316910505,,,9.520848834654316e-05,0.012903716696501144,0.0,0.0,1.0,0.025118864315095805,False,0,0,1.0,False,0.8243618511888634,1.0,,False,,0,0.1,0.1270801085108188,0.08769399319348452,0.018548212945461273,0.5826579614232477,False,epoch<16|insufficient_controller_history|adaptation_not_signal_mature|too_few_active_adaptation_epochs|insufficient_cumulative_adaptation,2.3655598163604736,0.6958041787147522,2.9672858715057373,0.3965517282485962,58,0.0,0.9825174808502197,0.10139860212802887,0.8713465929031372,0.0011401239316910505,0.2962662846677833,0.29609258638487923,0.3835623744461272,0.12553957803174853,0.12880615836345694,1.031220570567297,0.1948758172802627,0.13622541298779348,0.09722222222222222,0.6111111111111112,0.7361111111111112,1.3472222222222223,3.0,0.13486424088478088,0.1743655800819397,0.27291879057884216,0.19810399413108826,0.30039161443710327,0.32696333527565,0.6670317649841309,0.525242805480957,0.4001178741455078
10,0.33295552763673997,0.8772793109071202,0.45793738445169935,0.09090909090909091,0.8896018449330274,0.8896018449330274,1.0,1.0,1.0,1.0,0.793317801422543,0.0666685294281835,0.08087289499391158,0.8243618511888634,0.0666685294281835,0.7553533725381234,0.8736282587051392,0.003935258369892836,0.017241373609454796,5.602836608886719e-06,0.0008075634832493961,0.016009098235784447,1.0,1.0,1.0,1.0,False,0,0,1.0,False,0.7553533725381234,1.0,,False,,0,0.10139614672185894,0.12147715924855487,0.06772654828362897,0.029212400317192078,0.901218888261866,False,epoch<16|insufficient_controller_history|too_few_active_adaptation_epochs|insufficient_cumulative_adaptation,2.398343563079834,0.6870629191398621,2.9550700187683105,0.4137931168079376,58,0.020624175667762756,0.9527971744537354,0.10139860212802887,0.8736282587051392,0.003935258369892836,0.2606673882239395,0.2603895953959889,0.23374017203847566,0.059404778578836054,0.057635878290360175,0.2605962634635688,0.07766111424037565,0.09853021280529599,0.10069444444444445,0.5555555555555556,0.7083333333333334,1.25,3.0,0.1387212723493576,0.16421256959438324,0.2693823277950287,0.2045590579509735,0.26233673095703125,0.3140890598297119,0.6567196846008301,0.5734507441520691,0.4165286123752594
11,0.33552955380744404,0.8763018038236116,0.4806383244405296,0.13636363636363635,0.9037883808490678,0.9037883808490678,1.0,1.0,1.0,1.0,0.8321677777502272,0.09309267293660635,0.12324387011578196,0.7553533725381234,0.09309267293660635,0.7336309929045982,0.8751130700111389,0.008730405010282993,0.01954023985387318,1.7881393432617188e-05,0.0036423406563699245,0.01698660531929308,1.0,1.0,1.0,1.0,True,1,0,1.0,False,0.7336309929045982,1.0,,False,,0,0.10555339927673241,0.11544654864548637,0.05477955279533321,0.03727453202009201,0.8995869826993,False,epoch<16|too_few_active_adaptation_epochs|insufficient_cumulative_adaptation,2.4225964546203613,0.6748251914978027,2.9330248832702637,0.4333333373069763,60,0.022884458303451538,0.9248251914978027,0.10489509999752045,0.8751130700111389,0.008730405010282993,0.24727824620074695,0.24670475576486853,0.3132455365525352,0.10791365617317045,0.11699133833301151,0.5911324456583062,0.09658000527674125,0.08480118330852646,0.10416666666666667,0.625,0.7638888888888888,1.3888888888888888,3.0,0.13686400651931763,0.15642774105072021,0.26661109924316406,0.21600128710269928,0.23838376998901367,0.3056768476963043,0.6471347212791443,0.6051884889602661,0.42771202325820923
12,0.31682153915365535,0.8763018038236116,0.49289891395154556,0.18181818181818182,0.9230235849737641,0.9230235849737641,1.0,1.0,1.0,1.0,0.9098678959740534,0.12311976529430262,0.16782246999522984,0.7336309929045982,0.12311976529430262,0.7336309929045982,0.8752617835998535,0.01935500092804432,0.004166664299037781,3.9199989259941503e-05,0.009958088397979736,0.01698660531929308,1.0,1.0,1.0,1.0,True,2,0,1.0,False,0.7336309929045982,1.0,,False,,0,0.11237889151219761,0.10905898009709446,0.04769806980277562,0.04134989529848099,0.9001879016522119,False,epoch<16,2.500577211380005,0.6293706297874451,2.928062677383423,0.4375,64,0.0772310197353363,0.8776223659515381,0.1118881106376648,0.8752617835998535,0.01935500092804432,0.23134914081957605,0.23092584042913383,0.2478826716542244,0.08369089530121225,0.09307717421971676,0.4848177542790132,0.07817444951635683,0.07873554331147009,0.11284722222222222,0.5555555555555556,0.7916666666666666,1.3194444444444444,3.0,0.13272584974765778,0.1503286063671112,0.26409974694252014,0.25461679697036743,0.22855618596076965,0.3023408353328705,0.612657368183136,0.6211152076721191,0.433559387922287
13,0.29733410684598816,0.8681637675785763,0.5001483262477154,0.22727272727272727,0.9661949269319087,0.9661949269319087,1.0,1.0,1.0,1.0,1.0,0.16109785081464587,0.21958975612088832,0.7336309929045982,0.16109785081464587,0.5527857430149252,0.8738656044006348,0.02347126416862011,0.008482139874202321,4.881620407104492e-05,0.019867002964019775,0.025124641564328365,1.0,1.0,1.0,1.0,True,3,0,1.0,False,0.5527857430149252,1.0,,False,,0,0.12172015321050064,0.10238934200439938,0.042126543856224004,0.04440522938966751,0.8803284187855037,False,epoch<16,2.4949545860290527,0.6381118893623352,2.9186882972717285,0.44285714626312256,70,0.0065059661865234375,0.8636363744735718,0.12237761914730072,0.8738656044006348,0.02347126416862011,0.22468026292820772,0.22408328329523405,0.19572935046421158,0.016427438790237323,0.05621657551576694,0.060758713984097,0.02458904230216932,0.054171031159866184,0.11979166666666667,0.6111111111111112,0.8333333333333334,1.4305555555555556,3.0,0.12947286665439606,0.14505048096179962,0.2618117034435272,0.25778788328170776,0.2219533622264862,0.30016180872917175,0.6127392649650574,0.632996141910553,0.4380265474319458
14,0.2937374079806937,0.8763018038236116,0.4827624617098301,0.2727272727272727,0.9583863828303174,0.9583863828303174,1.0,1.0,1.0,0.9732979679336914,1.0,0.14448608965315732,0.26137810440826836,0.5527857430149252,0.14448608965315732,0.7336309929045982,0.8711139559745789,0.028197087347507477,0.002597389493780411,4.7405559598701075e-05,0.0324450358748436,0.01698660531929308,1.0,1.0,0.8755496412515641,0.9738772839861743,True,4,0,1.0,False,0.7336309929045982,1.0,,False,,0,0.1333685160212717,0.09551582977592973,0.037520657786680726,0.04672001674771309,0.8947579194134893,False,epoch<16,2.502948522567749,0.6293706297874451,2.9212822914123535,0.44155845046043396,77,0.004414722323417664,0.8618881106376648,0.13461537659168243,0.8711139559745789,0.028197087347507477,0.21217714167303509,0.21174991627534231,0.2449703754650222,0.02117150059590737,0.07052644862172504,0.29798684202923437,0.0715414993206246,0.06022900394681427,0.13194444444444445,0.6527777777777778,0.9583333333333334,1.5972222222222223,3.0,0.1313687562942505,0.1415357142686844,0.2603030800819397,0.2580993175506592,0.2166833132505417,0.298345148563385,0.6105318665504456,0.6417809128761292,0.44135183095932007
15,0.3104031342599127,0.8763018038236116,0.4244101244101244,0.3181818181818182,0.9591413489912595,0.9591413489912595,1.0,1.0,1.0,0.9369454819422501,1.0,0.22389048824428154,0.30518133831540073,0.7336309929045982,0.22389048824428154,0.7116220631174602,0.8674002289772034,0.028133412823081017,0.002164491277761582,4.8359233915107325e-05,0.048652827739715576,0.01698660531929308,1.0,1.0,0.7134717226028443,0.9445531016924994,True,5,1,0.97,True,0.7336309929045982,1.0,,False,,0,0.1470637747676583,0.08851902905805215,0.03248859891479353,0.050116416066884995,0.8853772359045644,False,epoch<16,2.4414713382720947,0.6590908765792847,2.9233670234680176,0.4404761791229248,84,0.05531416833400726,0.868881106376648,0.14685314893722534,0.8674002289772034,0.028133412823081017,0.2133291545841429,0.21302411084373793,0.2516164659625954,0.03786946745175454,0.11725841514352295,0.1841890677675156,0.02954117054145576,0.0409169387874297,0.14756944444444445,0.75,1.0,1.75,3.0,0.13206525146961212,0.1389024555683136,0.25938311219215393,0.23044225573539734,0.20788685977458954,0.2949848473072052,0.6374924778938293,0.6532106995582581,0.4456320106983185
16,0.30076108562449616,0.8763018038236116,0.41890173318744744,0.36363636363636365,0.9370909589574099,0.9370909589574099,1.0,1.0,1.0,0.9374352859762998,1.0,0.24249258237890595,0.34076034871178545,0.7116220631174602,0.24249258237890595,0.6902734012239364,0.8629347085952759,0.03365005925297737,0.011136715277122344,5.201498788665049e-05,0.06621094793081284,0.01698660531929308,1.0,1.0,0.5378905206918716,0.894583688204005,True,6,2,0.9409,True,0.7336309929045982,1.0,,False,,0,0.16249999999999998,0.08148097094194787,0.028451924436940834,0.05260768532752991,0.8757243392227899,True,,2.4472317695617676,0.6486014127731323,2.908451557159424,0.4516128897666931,93,0.005412667989730835,0.8566433191299438,0.16258740425109863,0.8629347085952759,0.03365005925297737,0.2090435042563412,0.20913238264620304,0.2210802286863327,0.038302161313671,0.10495029814127418,0.10646618342581604,0.029450972241142556,0.042693081091985934,0.16145833333333334,0.6805555555555556,1.0416666666666667,1.6944444444444444,3.0,0.131826251745224,0.13641801476478577,0.2584098279476166,0.23314858973026276,0.201898992061615,0.29271402955055237,0.635025143623352,0.6616830825805664,0.44887614250183105
17,0.313629606531726,0.8763018038236116,0.42467980844192005,0.4090909090909091,0.9383566668855364,0.9383566668855364,1.0,1.0,1.0,0.8949995442078663,1.0,0.26497744691409636,0.38387318190771946,0.6902734012239364,0.26497744691409636,0.6695651991872184,0.8571715354919434,0.03810976445674896,0.005010969142475896,5.2869319915771484e-05,0.08391162008047104,0.01698660531929308,1.0,1.0,0.3608837991952896,0.8338525068641963,True,7,3,0.912673,True,0.7336309929045982,1.0,,False,,0,0.1793323719542006,0.07448417022407029,0.025108129290595336,0.05436974763870239,0.8622020847631352,True,,2.4659881591796875,0.6538461446762085,2.9161174297332764,0.446601927280426,103,0.016688227653503418,0.8444055914878845,0.1800699234008789,0.8571715354919434,0.03810976445674896,0.19829215005868012,0.1986660533067253,0.3007703382107947,0.0631242904605137,0.11946599413123396,0.271113534681546,0.04794641489085431,0.037306189498243235,0.1840277777777778,0.8888888888888888,1.25,2.0833333333333335,3.0,0.14017035067081451,0.1352902203798294,0.2580671012401581,0.22799956798553467,0.19716021418571472,0.29081737995147705,0.6318300366401672,0.6675495505332947,0.4511154890060425
18,0.3236901569697592,0.8828942478828062,0.40766574504481373,0.45454545454545453,0.9338523723042154,0.9338523723042154,1.0,1.0,1.0,0.8606941195634694,1.0,0.28421593166969467,0.4244783510473706,0.6695651991872184,0.28421593166969467,0.6145104825886635,0.851591944694519,0.040627237409353256,0.005498752290901271,4.859765249420889e-05,0.10152705758810043,0.0103941612600984,1.0,1.0,0.18472942411899565,0.7494787270393158,True,8,4,0.8852928099999999,True,0.8801297497755911,0.7886706108848254,,False,,0,0.19718488325546069,0.06761065799560066,0.022136438514203004,0.055827029049396515,0.8612158531644806,True,,2.4636404514312744,0.6538461446762085,2.9083032608032227,0.45132744312286377,113,0.006468042731285095,0.8496503233909607,0.19755244255065918,0.851591944694519,0.040627237409353256,0.20565284892088836,0.20669697183701727,0.27424661897950703,0.07113691126384462,0.15496446559619573,0.16829686738585062,0.05081760042553975,0.03333691963214531,0.19618055555555555,0.8472222222222222,1.2638888888888888,2.0,3.0,0.1417495459318161,0.1343400627374649,0.25777801871299744,0.2247655838727951,0.19323916733264923,0.2892305552959442,0.6334848999977112,0.6724207997322083,0.4529914855957031
19,0.31198634600473774,0.8689929599020507,0.4054009620331038,0.5,0.9311813958910513,0.9311813958910513,1.0,1.0,1.0,0.8413289430049748,1.0,0.28611036448329763,0.46559069794552566,0.6145104825886635,0.28611036448329763,0.35,0.8452686071395874,0.04318871721625328,0.0074825591378166745,3.7729740142822266e-05,0.11705231666564941,0.024295449240853917,1.0,1.0,0.02947683334350582,0.5653639645282359,True,7,5,0.8587340256999999,True,0.5712122390921351,0.5040408611297607,,False,,0,0.21565873830169696,0.06094101990290557,0.019434497972847724,0.05714283883571625,0.7913350383891593,False,adaptation_not_signal_mature,2.4696247577667236,0.6520978808403015,2.904219150543213,0.45528456568717957,123,0.008783131837844849,0.8444055914878845,0.21503496170043945,0.8452686071395874,0.04318871721625328,0.19623192565308678,0.1980385962459776,0.2745738729006714,0.059792489589502416,0.1475853936539756,0.2173220535330458,0.046414664079849094,0.0365828775619674,0.2222222222222222,0.7916666666666666,1.3055555555555556,2.0555555555555554,3.0,0.14614109694957733,0.13365881145000458,0.25761544704437256,0.22085966169834137,0.18960683047771454,0.28772708773612976,0.6329992413520813,0.6767343282699585,0.4546574354171753
20,0.2872805388437377,0.871841131289548,0.3939851276179902,0.5454545454545454,0.9303161602809998,0.9303161602809998,1.0,1.0,1.0,0.821625252182667,1.0,0.17760581241728174,0.5074451783350907,0.35,0.17760581241728174,0.35,0.8393437266349792,0.044500358402729034,0.004523498021585914,3.4431617677910253e-05,0.1293763369321823,0.02144727785335665,1.0,1.0,0.0,0.23970099785591767,True,6,6,0.8329720049289998,True,0.6345049365920744,0.45,,False,,0,0.23434126169830302,0.05455345135451364,0.017109493535619278,0.05797737464308739,0.7376820584779258,False,adaptation_not_signal_mature,2.4666836261749268,0.6486014127731323,2.898301362991333,0.45864662528038025,133,0.007031470537185669,0.8444055914878845,0.23251748085021973,0.8393437266349792,0.044500358402729034,0.192220997893148,0.19441268324024147,0.31034237229161793,0.08540806759103564,0.19525978843578035,0.2786790634307255,0.061749845730244286,0.034796165483486324,0.2309027777777778,0.8888888888888888,1.4583333333333333,2.2777777777777777,3.0,0.14284741878509521,0.1325862854719162,0.2571684718132019,0.22437536716461182,0.18756823241710663,0.2869372069835663,0.6327771544456482,0.6798454523086548,0.4558943808078766
21,0.3172157199846374,0.8783068783068783,0.3727319364491514,0.5909090909090909,0.9304402714221123,0.9304402714221123,1.0,1.0,1.0,0.811535704594392,1.0,0.19243196522593686,0.5498056149312482,0.35,0.19243196522593686,0.35,0.833019495010376,0.04550939053297043,0.001305343412662724,2.8153261155239306e-05,0.13933950662612915,0.01498153083602638,1.0,1.0,0.0,0.23516933724158387,True,5,7,0.8079828447811298,True,0.7781882036438582,0.45,,False,,0,0.25281511674453927,0.048522840751445154,0.014964101738018916,0.05881902575492859,0.7501458201562218,False,adaptation_not_signal_mature,2.4520936012268066,0.6573426723480225,2.899137258529663,0.4583333432674408,144,0.010435491800308228,0.8531468510627747,0.251748263835907,0.833019495010376,0.04550939053297043,0.20542703506847224,0.20772910676896572,0.3278571768767304,0.06287319301514395,0.20169800887298253,0.3557797277312286,0.07794400522511245,0.03888262305796767,0.2569444444444444,0.8888888888888888,1.5416666666666667,2.2916666666666665,3.0,0.1418333351612091,0.1317068338394165,0.25682511925697327,0.2201717495918274,0.1854449212551117,0.2860882580280304,0.6379949450492859,0.6828482747077942,0.45708659291267395
22,0.26655574950079125,0.8783068783068783,0.3769999333102951,0.6363636363636364,0.9232151065699827,0.9232151065699827,1.0,1.0,1.0,0.8037739189771504,1.0,0.2056251828269507,0.5875005223627163,0.35,0.2056251828269507,0.35,0.826673150062561,0.046411361545324326,0.0011200688721045016,2.8252601623535156e-05,0.14815758168697357,0.01498153083602638,1.0,1.0,0.0,0.2305493388467845,True,4,8,0.7837433594376959,True,0.7781882036438582,0.45,,False,,0,0.27066762804579936,0.04291989148918121,0.013110617237799453,0.0592956505715847,0.7469481744077459,False,adaptation_not_signal_mature,2.4416942596435547,0.6608391404151917,2.8998303413391113,0.4580645263195038,155,0.008465200662612915,0.8531468510627747,0.27097901701927185,0.826673150062561,0.046411361545324326,0.18657651336656678,0.18935134096278083,0.2593238717979855,0.022898185990521194,0.18020019530215198,0.0011421877235425388,0.030250059764107898,0.03260098311067042,0.2708333333333333,0.9166666666666666,1.5694444444444444,2.3333333333333335,3.0,0.13760071992874146,0.1307051032781601,0.2563593089580536,0.22223162651062012,0.1843927651643753,0.2857160270214081,0.6401676535606384,0.6849021911621094,0.4579247236251831
23,0.29183038593166405,0.8847231200172377,0.3730445877685142,0.6818181818181818,0.9192293007800594,0.9192293007800594,1.0,1.0,1.0,0.7968356804205821,1.0,0.21936153768615052,0.6267472505318586,0.35,0.21936153768615052,0.35,0.8205966353416443,0.048210904002189636,0.0027144169048015365,2.4318695068359375e-05,0.1555168628692627,0.008565289125666897,1.0,1.0,0.0,0.22537058019770076,True,3,9,0.7602310586545651,True,0.9207713527629577,0.45,,False,,0,0.2875,0.037810293024996514,0.01149932723750012,0.059514641761779785,0.7600339785284731,False,adaptation_not_signal_mature,2.445307493209839,0.6555944085121155,2.9002630710601807,0.4573170840740204,164,0.005552157759666443,0.8461538553237915,0.28671327233314514,0.8205966353416443,0.048210904002189636,0.19123321606053245,0.19401185193823445,0.3057582792308595,0.05071208148890744,0.20142024393296903,0.18440480702002937,0.043212973111723035,0.03431388104541434,0.2881944444444444,0.9305555555555556,1.6805555555555556,2.513888888888889,3.0,0.13666710257530212,0.1299215406179428,0.25597572326660156,0.22500766813755035,0.1838965117931366,0.2855680286884308,0.6383251547813416,0.6861819624900818,0.45845621824264526
24,0.3145163386232323,0.908648278766186,0.3753909465020577,0.7272727272727273,0.920575407043079,0.920575407043079,1.0,1.0,1.0,0.7829930461370027,1.0,0.23432828542914738,0.6695093869404212,0.35,0.23432828542914738,0.35,0.8150568008422852,0.048314232379198074,0.0019852765826468555,2.6007493943325244e-05,0.1621178686618805,0.0,1.0,1.0,0.0,0.22150678845153995,True,2,10,0.7374241268949281,True,1.0,0.45,,False,,0,0.30293622523234165,0.03325395072913316,0.010043434573282066,0.05986272171139717,0.7711399264060059,False,adaptation_not_signal_mature,2.431427240371704,0.6573426723480225,2.8974533081054688,0.4593023359775543,172,0.007945328950881958,0.8496503233909607,0.30069929361343384,0.8150568008422852,0.048314232379198074,0.1996568902913067,0.2027085680100653,0.31492163240909576,0.05951662951499909,0.19174374412331316,0.19967791408834362,0.05404406846759634,0.03456434984562091,0.2986111111111111,0.9583333333333334,1.7777777777777777,2.5972222222222223,3.0,0.13365396857261658,0.1288478970527649,0.25544148683547974,0.2240481823682785,0.1833357810974121,0.28541800379753113,0.6422978639602661,0.687816321849823,0.4591405689716339
25,0.2855791873815987,0.908648278766186,0.3753909465020577,0.7727272727272727,0.9178720398153124,0.9178720398153124,1.0,1.0,1.0,0.782198212467707,1.0,0.24824266531368674,0.709264758039105,0.35,0.24824266531368674,0.35,0.8094577193260193,0.04931705445051193,0.002409106674274686,2.8471151381381787e-05,0.16780731081962585,0.0,1.0,1.0,0.0,0.2168707893986902,True,1,11,0.7153014030880802,True,1.0,0.45,,False,,0,0.31663148397872826,0.029304283549106712,0.008815285878532515,0.06006232276558876,0.7685461709687281,False,adaptation_not_signal_mature,2.4347167015075684,0.6573426723480225,2.8979077339172363,0.45856353640556335,181,0.0035292208194732666,0.8548951148986816,0.31643354892730713,0.8094577193260193,0.04931705445051193,0.18711507320404053,0.19043025043275622,0.29306862006584805,0.041522791629581154,0.20867014665984446,0.05258945930951992,0.025210701653526887,0.029321231255178444,0.3107638888888889,1.0,1.7222222222222223,2.5416666666666665,3.0,0.13541856408119202,0.12873730063438416,0.2554263472557068,0.22271664440631866,0.1825426071882248,0.28507786989212036,0.6418647766113281,0.688720166683197,0.45949578285217285
26,0.29026687352193725,0.9022301228183581,0.3902649600590104,0.8181818181818182,0.9172533254402981,0.9172533254402981,1.0,1.0,1.0,0.7744841965345235,1.0,0.26266799773972177,0.7504799935420622,0.35,0.26266799773972177,0.35,0.8083750605583191,0.050999660044908524,0.006831807311782484,1.99278201762354e-05,0.17223696410655975,0.0,1.0,1.0,0.0,0.2149884942437291,True,0,12,0.6938423609954377,True,1.0,0.45,,False,,0,0.3282798467894993,0.026007597721387804,0.00783733173435381,0.059974513947963715,0.7662343975221529,False,adaptation_not_signal_mature,2.4484052658081055,0.6538461446762085,2.889979124069214,0.46236559748649597,186,0.00868406891822815,0.8496503233909607,0.32517480850219727,0.8083750605583191,0.050999660044908524,0.18320865577293766,0.18682292331424025,0.2964712207516034,0.0479615340009837,0.24974406267412835,0.09667110198420738,0.03998352793536873,0.028105161126909986,0.328125,0.9722222222222222,1.7638888888888888,2.5694444444444446,3.0,0.1375347226858139,0.12915095686912537,0.25566497445106506,0.22494253516197205,0.1821662336587906,0.2848740816116333,0.6375227570533752,0.6886828541755676,0.45946094393730164
27,0.29587012011971736,0.8892555350675883,0.39727546059641355,0.8636363636363636,0.9189692966858124,0.9189692966858124,1.0,1.0,1.0,0.7615410765776267,1.0,0.27777935558912054,0.7936553016832016,0.35,0.27777935558912054,0.35,0.8066335320472717,0.05369597300887108,0.006055465155170067,1.8755594282993115e-05,0.17574584484100342,0.004032874075316384,1.0,1.0,0.0,0.21190200078281868,True,0,13,0.6730270901655746,True,1.0,0.45,,False,,0,0.33762110848780236,0.023402543873117847,0.007127243217937771,0.05944601073861122,0.7623152196630246,False,adaptation_not_signal_mature,2.4759862422943115,0.6363636255264282,2.8791658878326416,0.4684210419654846,190,0.019530609250068665,0.8409090638160706,0.3321678340435028,0.8066335320472717,0.05369597300887108,0.19022391384674442,0.1939136390056875,0.27584586830602753,0.014913553922370839,0.21128282038908866,0.07790062763794008,0.02876880806353357,0.028261836178393826,0.3368055555555556,0.9305555555555556,1.6944444444444444,2.5,3.0,0.1400599330663681,0.12986598908901215,0.25600922107696533,0.2321826070547104,0.18274646997451782,0.285066157579422,0.6277574300765991,0.6873875856399536,0.45892465114593506
28,0.30176383401784634,0.8892555350675883,0.39677782534925393,0.9090909090909091,0.9280050909957638,0.9280050909957638,1.0,1.0,1.0,0.7408002076240685,1.0,0.2952743471350157,0.8436409918143307,0.35,0.2952743471350157,0.35,0.8049033880233765,0.054265350103378296,0.0025219256933031314,1.5497207641601562e-05,0.1784793585538864,0.004032874075316384,1.0,1.0,0.0,0.21023293178699387,True,0,14,0.6528362774606074,True,1.0,0.45,,False,,0,0.3444466007232676,0.021519663878844367,0.0065996991990507695,0.05909715220332146,0.7617391804699825,False,adaptation_not_signal_mature,2.4778964519500732,0.6363636255264282,2.8773508071899414,0.46875,192,0.003359556198120117,0.8374125957489014,0.3356643319129944,0.8049033880233765,0.054265350103378296,0.18152489823599657,0.18538824572331375,0.30546505832009846,0.05529616586793256,0.26503295316878295,0.1397910076272137,0.03221541067533609,0.028355060908426013,0.3368055555555556,0.9861111111111112,1.9444444444444444,2.6944444444444446,3.0,0.13946576416492462,0.1302272379398346,0.25617435574531555,0.23386241495609283,0.18319228291511536,0.28523045778274536,0.6266718506813049,0.6865805387496948,0.45859524607658386
29,0.3104047570377588,0.8892555350675883,0.39677782534925393,0.9545454545454546,0.9276129114645085,0.9276129114645085,1.0,1.0,1.0,0.7364203838201668,1.0,0.3099070408756426,0.8854486882161218,0.35,0.3099070408756426,0.35,0.8035249710083008,0.054131221026182175,0.002469927307644615,1.5099843039934058e-05,0.18075935542583466,0.004032874075316384,1.0,1.0,0.0,0.20929502909146794,True,0,15,0.65,True,1.0,0.45,,False,,0,0.34860385327814103,0.020381032784966627,0.006271616673973725,0.05892852693796158,0.7610422512580818,False,adaptation_not_signal_mature,2.4727485179901123,0.6363636255264282,2.8754539489746094,0.469072163105011,194,0.0032958686351776123,0.8444055914878845,0.33916082978248596,0.8035249710083008,0.054131221026182175,0.18531311220592922,0.18910957624514899,0.30676514903704327,0.08417881830401559,0.2261385381118291,0.1584728560849879,0.02781400616125514,0.02523103447876767,0.3420138888888889,0.9583333333333334,1.7777777777777777,2.5555555555555554,3.0,0.13781780004501343,0.1302320659160614,0.2561599612236023,0.23427626490592957,0.18350324034690857,0.28536707162857056,0.6279059052467346,0.68626469373703,0.4584730267524719
30,0.2994369998988178,0.8892555350675883,0.39677782534925393,1.0,0.9271471191184085,0.9271471191184085,1.0,1.0,1.0,0.7374521459524448,1.0,0.324501491691443,0.9271471191184085,0.35,0.324501491691443,0.35,0.8030930757522583,0.05390651151537895,0.002722702536517782,1.343091298622312e-05,0.18258754909038544,0.004032874075316384,1.0,1.0,0.0,0.20912301125306923,True,0,16,0.65,True,1.0,0.45,,False,,0,0.35,0.02,0.006151802315573734,0.05894935876131058,0.7608365920893791,False,adaptation_not_signal_mature,2.467608690261841,0.6346153616905212,2.871002674102783,0.47179487347602844,195,0.003225982189178467,0.8444055914878845,0.34090909361839294,0.8030930757522583,0.05390651151537895,0.1874932445999649,0.19138925108644697,0.26170307190881836,0.009216371122470769,0.2550399820320308,0.000661197892614022,0.021345543190060805,0.022865617925870337,0.3420138888888889,0.9444444444444444,1.7777777777777777,2.5833333333333335,3.0,0.13690486550331116,0.13006828725337982,0.2560727894306183,0.233576238155365,0.18352721631526947,0.28539228439331055,0.6295189261436462,0.6864045262336731,0.45853492617607117
