epoch,loss,da_loss,source_val_macro_f1
1,0.4986519300275379,1.0549075773901172e-06,0.8992621247940397
2,0.4211643959085147,1.1487505137747828e-06,0.9111538609096937
3,0.3823972936305735,1.0273838860146927e-06,0.9111538609096937
4,0.3512048199772835,9.906299760744887e-07,0.9111538609096937
5,0.308563345629308,9.453090888832271e-07,0.8960363872644574
6,0.29348091781139374,1.200724204311301e-06,0.8960363872644574
7,0.2814465746697452,1.0529319774595554e-06,0.8962815711708818
8,0.2699760784291559,9.564444936790058e-07,0.8962815711708818
9,0.24145724210474226,1.0615082113061035e-06,0.902534581702751
10,0.22176376833683914,1.1516021677001238e-06,0.902534581702751
11,0.2267832967142264,1.1966674756299274e-06,0.902534581702751
12,0.2290150322433975,1.096903974071337e-06,0.902534581702751
13,0.22858032397925854,1.1040343237153947e-06,0.9087519368221123
14,0.2246947396132681,1.150728011841314e-06,0.9087519368221123
15,0.22780954009956783,1.188501801468394e-06,0.9004454710443821
16,0.2133539379056957,1.2497428087954177e-06,0.9087519368221123
17,0.21202788853810894,1.029582721498754e-06,0.9087519368221123
18,0.21032757249971232,1.0542136854338778e-06,0.9087519368221123
19,0.20755194686353207,1.0501636424662151e-06,0.902534581702751
20,0.21225157235231665,1.1024852082128532e-06,0.902534581702751
21,0.21798877314560944,1.187410720662443e-06,0.9087519368221123
22,0.22056794580486086,1.1939337090341142e-06,0.9087519368221123
