image_id,true_label,yolo_only_pred,yolo_ontology_pred
IMG-20240414-WA0035.jpg,BlackGillDisease,Healthy,Healthy
IMG-20240414-WA0036.jpg,BlackGillDisease,BlackGillDisease,BlackGillDisease
IMG-20240414-WA0037.jpg,BlackGillDisease,BlackGillDisease,BlackGillDisease
IMG-20240414-WA0045.jpg,BlackGillDisease,BlackGillDisease,BlackGillDisease
IMG-20240414-WA0046.jpg,BlackGillDisease,BlackGillDisease,BlackGillDisease
IMG-20240414-WA0049.jpg,BlackGillDisease,Healthy,Healthy
IMG-20240414-WA0108.jpg,BlackGillDisease,Healthy,Healthy
IMG-20240414-WA0110.jpg,BlackGillDisease,BlackGillDisease,BlackGillDisease
IMG-20240414-WA0162.jpg,BlackGillDisease,BlackGillDisease,BlackGillDisease
IMG-20240414-WA0189.jpg,BlackGillDisease,BlackGillDisease,BlackGillDisease
IMG-20240414-WA0015.jpg,WSSV,WSSV,WSSV
IMG-20240414-WA0018.jpg,WSSV,WSSV,Healthy
IMG-20240414-WA0022.jpg,WSSV,Healthy,Healthy
IMG-20240414-WA0030.jpg,WSSV,Healthy,Healthy
IMG-20240414-WA0034.jpg,WSSV,WSSV,Healthy
IMG-20240414-WA0047.jpg,WSSV,Healthy,Healthy
IMG-20240414-WA0196.jpg,WSSV,WSSV,WSSV
IMG-20240414-WA0228.jpg,WSSV,WSSV,Healthy
IMG-20240421-WA0043.jpg,WSSV,Healthy,Healthy
IMG-20240421-WA0106.jpg,WSSV,Healthy,Healthy
IMG-20240624-WA0005.jpg,Healthy,Healthy,Healthy
IMG-20240624-WA0006.jpg,Healthy,WSSV,Healthy
IMG-20240624-WA0007.jpg,Healthy,WSSV,Healthy
IMG-20240624-WA0010.jpg,Healthy,BlackGillDisease,BlackGillDisease
IMG-20240624-WA0011.jpg,Healthy,WSSV,Healthy
IMG-20240624-WA0018.jpg,Healthy,Healthy,Healthy
IMG-20240624-WA0019.jpg,Healthy,Healthy,Healthy
IMG-20240624-WA0020.jpg,Healthy,WSSV,Healthy
IMG-20240624-WA0027.jpg,Healthy,Healthy,Healthy
IMG-20240624-WA0031.jpg,Healthy,Healthy,Healthy
