method,n_seeds,source_macro_f1_mean,source_macro_f1_std,source_macro_f1_ci95_low,source_macro_f1_ci95_high,target_dev_macro_f1_mean,target_dev_macro_f1_std,target_dev_macro_f1_ci95_low,target_dev_macro_f1_ci95_high,target_dev_accuracy_mean,target_dev_accuracy_std,target_dev_accuracy_ci95_low,target_dev_accuracy_ci95_high,target_dev_balanced_accuracy_mean,target_dev_balanced_accuracy_std,target_dev_balanced_accuracy_ci95_low,target_dev_balanced_accuracy_ci95_high,target_dev_mcc_mean,target_dev_mcc_std,target_dev_mcc_ci95_low,target_dev_mcc_ci95_high,target_dev_f1_BG_mean,target_dev_f1_BG_std,target_dev_f1_BG_ci95_low,target_dev_f1_BG_ci95_high,target_dev_f1_Healthy_mean,target_dev_f1_Healthy_std,target_dev_f1_Healthy_ci95_low,target_dev_f1_Healthy_ci95_high,target_dev_f1_WSSV_mean,target_dev_f1_WSSV_std,target_dev_f1_WSSV_ci95_low,target_dev_f1_WSSV_ci95_high
source_only,5,0.7774326426844343,0.014269327984326797,0.7597177722587231,0.7951475131101456,0.534444040908997,0.05185849174326398,0.47006354151100216,0.5988245403069918,0.6313253012048193,0.058017882939055826,0.5592981335786803,0.7033524688309584,0.591947681947682,0.052244523892674276,0.5270879371700538,0.6568074267253102,0.3502871319865794,0.11753346235277891,0.20437345906858115,0.49620080490457763,0.3068655919960851,0.060616831809250885,0.231611920463867,0.38211926352830317,0.6208285732672695,0.13729153633457022,0.45038594419706146,0.7912712023374775,0.675637957463636,0.026874646295102386,0.6422740262835915,0.7090018886436804
coral,5,0.7824398285295018,0.022160048009203893,0.7549289058328076,0.809950751226196,0.5460313874348925,0.04375679136782729,0.4917088650163629,0.6003539098534222,0.6538152610441766,0.03279922407886813,0.6130961742547204,0.6945343478336329,0.5679944746611414,0.06506918530454502,0.48721336235909646,0.6487755869631863,0.3688374952638199,0.07316424152826874,0.27800665446372486,0.459668336063915,0.3158178422884306,0.08739807846592099,0.20731619195279383,0.4243194926240673,0.6236445701139367,0.10934064883299201,0.48790198794978856,0.7593871522780848,0.6986317499023105,0.023021908310444733,0.6700508578574931,0.7272126419471279
mmd,5,0.7683779475960023,0.024284051419211642,0.7382301491309899,0.7985257460610147,0.5967781358462361,0.06391100922238695,0.51743485854582,0.6761214131466521,0.691566265060241,0.08281276413675184,0.5887571217082274,0.7943754084122546,0.7301424501424502,0.07913184214947061,0.6319030423885993,0.828381857896301,0.5696476868136384,0.11969789764690496,0.42104694336068615,0.7182484302665907,0.21588377708804463,0.04645548772535782,0.15821091775494528,0.273556636421144,0.8491730436167494,0.0841934886237728,0.74464977922077,0.9536963080127288,0.7252775868339143,0.0877063580319317,0.6163932182250154,0.8341619554428132
ccda_no_ontology,5,0.8005780085374067,0.029764939104910845,0.7636258801644488,0.8375301369103646,0.5331582783597394,0.13112289573254787,0.3703738003312368,0.695942756388242,0.6377510040160643,0.12761356199914484,0.4793232407842288,0.7961787672478999,0.5895622895622895,0.11622686178074186,0.44527071544650676,0.7338538636780723,0.35622120925660605,0.2510661133474092,0.0445314316355796,0.6679109868776325,0.33579898362507055,0.09925690237983874,0.21257501915753313,0.45902294809260796,0.5778921781723557,0.2798362151368833,0.230485327827592,0.9252990285171194,0.6857836732817921,0.05993618255046425,0.6113750039415486,0.7601923426220356
relation_blind,5,0.7614348172794502,0.026706002168402174,0.7282802518702278,0.7945893826886725,0.5444129400694072,0.12978923456832758,0.38328415561960116,0.7055417245192133,0.6546184738955823,0.13365109471721878,0.4886953254634661,0.8205416223276984,0.5968730035396702,0.18393819168636266,0.36852018723026947,0.825225819849071,0.38938444173081943,0.264200742649764,0.061388482316471205,0.7173804011451677,0.2884712480501954,0.11092896701024463,0.15075682455366377,0.42618567154672704,0.6481795072236639,0.22416261377604918,0.3698894811135919,0.9264695333337359,0.6965880649343623,0.09162798469425174,0.582835134312079,0.8103409955566456
shuffled_ontology,5,0.7678512410682357,0.010158215285540582,0.7552401729270108,0.7804623092094605,0.5143716904516594,0.12860686130934562,0.35471078095018294,0.6740325999531359,0.6449799196787149,0.1346010762161764,0.4778774025209418,0.8120824368364881,0.567587844254511,0.15282123197378739,0.37786564250213894,0.7573100460068831,0.38814385942832647,0.2468035426614322,0.08174591387293462,0.6945418049837183,0.21899484390050428,0.07923490812457566,0.12062748335193942,0.31736220444906915,0.6295711368861742,0.236451661227044,0.33602468920608086,0.9231175845662675,0.6945490905682998,0.09719081277758748,0.5738901039071449,0.8152080772294548
ocrda_no_reliability,5,0.7732202862040347,0.013853904696817361,0.7560211492254861,0.7904194231825833,0.561914263790242,0.12355035356952938,0.4085308313721881,0.715297696208296,0.6674698795180722,0.13450518087853122,0.5004864130600013,0.8344533459761432,0.6276871276871276,0.15942495755090003,0.4297666321500728,0.8256076232241825,0.41355926394113096,0.2619794160399745,0.08832100363558643,0.7387975242466756,0.31287886716458146,0.06502625455934428,0.23215105187759888,0.39360668245156405,0.6599100092328288,0.22635345857168482,0.37890012611756646,0.9409198923480913,0.7129539149733156,0.09212242704167456,0.5985871515113078,0.8273206784353234
ocrda_no_topology,5,0.7730462186027197,0.01750678095021544,0.7513121638213719,0.7947802733840675,0.556318508790979,0.1060282750016142,0.4246881226103296,0.6879488949716284,0.6674698795180722,0.12042836828267509,0.5179622823803025,0.816977476655842,0.6118794785461452,0.15148959380650717,0.42381045889269264,0.7999484981995978,0.41201798979705834,0.24371225092375565,0.1094577745567284,0.7145782050373883,0.296265172735761,0.06914882468369755,0.21041933117213507,0.3821110142993869,0.6648275065462268,0.20821515803306745,0.40633568764093614,0.9233193254515175,0.707862847090949,0.08295039911048213,0.604882834744379,0.8108428594375191
full_ocrda,5,0.7828024361859498,0.02937472095236629,0.7463347499687599,0.8192701224031397,0.5468194299133168,0.10424180733258911,0.41740688071218474,0.6762319791144489,0.642570281124498,0.11862695170877052,0.49529907950756147,0.7898414827414345,0.6270750237416904,0.12763884507952658,0.4686158724519578,0.7855341750314231,0.38624392004606445,0.2308160847581477,0.09969384297503847,0.6727939971170904,0.30826265226265226,0.0789261152389295,0.21027864725568066,0.40624665726962383,0.6444835098865089,0.21314330620189825,0.37987356780502984,0.9090934519679881,0.6877121275907893,0.0806521695304216,0.5875852866944814,0.7878389684870971
