method,seed,selected_epoch,source_macro_f1,source_accuracy,target_dev_macro_f1,target_dev_accuracy,target_dev_balanced_accuracy,target_dev_mcc,target_dev_precision_BG,target_dev_recall_BG,target_dev_f1_BG,target_dev_precision_Healthy,target_dev_recall_Healthy,target_dev_f1_Healthy,target_dev_precision_WSSV,target_dev_recall_WSSV,target_dev_f1_WSSV
source_only,42,,0.7899385560675883,0.8091603053435115,0.473858731383815,0.5622489959839357,0.5164724164724165,0.19482357948054,0.2631578947368421,0.45454545454545453,0.3333333333333333,0.5901639344262295,0.3333333333333333,0.4260355029585799,0.5857988165680473,0.7615384615384615,0.6622073578595318
source_only,123,,0.778867666487416,0.7938931297709924,0.5249609331257837,0.6265060240963856,0.5731675731675732,0.3395051773435805,0.18518518518518517,0.45454545454545453,0.2631578947368421,0.6947368421052632,0.6111111111111112,0.6502463054187192,0.6692913385826772,0.6538461538461539,0.6614785992217899
source_only,2026,,0.7593423324225493,0.7786259541984732,0.5082715424451948,0.5903614457831325,0.5961667961667962,0.2852892788090136,0.21212121212121213,0.6363636363636364,0.3181818181818182,0.6956521739130435,0.4444444444444444,0.5423728813559322,0.6258503401360545,0.7076923076923077,0.6642599277978339
source_only,3407,,0.7921590039692141,0.8015267175572519,0.6115519701394649,0.7028112449799196,0.6569368902702236,0.4681252982816181,0.3,0.5454545454545454,0.3870967741935484,0.7079646017699115,0.7407407407407407,0.7239819004524887,0.7672413793103449,0.6846153846153846,0.7235772357723578
source_only,7777,,0.7668556544754038,0.7786259541984732,0.553577027450726,0.6746987951807228,0.6169947336614003,0.463692326018145,0.15625,0.45454545454545453,0.23255813953488372,0.6946564885496184,0.8425925925925926,0.7615062761506276,0.8372093023255814,0.5538461538461539,0.6666666666666666
coral,42,,0.8094254903392707,0.8244274809160306,0.5536309421902642,0.6224899598393574,0.5873737373737374,0.30497747823479804,0.375,0.5454545454545454,0.4444444444444444,0.6617647058823529,0.4166666666666667,0.5113636363636364,0.6303030303030303,0.8,0.7050847457627119
coral,123,,0.7878413242602117,0.816793893129771,0.5360851505711318,0.6506024096385542,0.5649917983251317,0.37247982599518414,0.19047619047619047,0.36363636363636365,0.25,0.6981132075471698,0.6851851851851852,0.6915887850467289,0.6885245901639344,0.6461538461538462,0.6666666666666666
coral,2026,,0.7872063926561874,0.816793893129771,0.4836496899079121,0.6265060240963856,0.4774151774151774,0.29553626504442715,0.3333333333333333,0.18181818181818182,0.23529411764705882,0.7,0.3888888888888889,0.5,0.6120218579234973,0.8615384615384616,0.7156549520766773
coral,3407,,0.7795783926218709,0.7938931297709924,0.5508675138304767,0.6666666666666666,0.5522101355434689,0.3966486819310161,0.3,0.2727272727272727,0.2857142857142857,0.6148148148148148,0.7685185185185185,0.6831275720164609,0.7692307692307693,0.6153846153846154,0.6837606837606838
coral,7777,,0.7481475427699683,0.7709923664122137,0.605923640674678,0.7028112449799196,0.6579815246481914,0.4745452251136739,0.2727272727272727,0.5454545454545454,0.36363636363636365,0.7068965517241379,0.7592592592592593,0.7321428571428571,0.7837837837837838,0.6692307692307692,0.7219917012448133
mmd,42,,0.78866930171278,0.8015267175572519,0.5948362436229856,0.7028112449799196,0.6857204523871191,0.5792411324721267,0.10144927536231885,0.6363636363636364,0.175,0.9010989010989011,0.7592592592592593,0.8241206030150754,0.9662921348314607,0.6615384615384615,0.7853881278538812
mmd,123,,0.7997126650151092,0.816793893129771,0.6650227031108726,0.7670682730923695,0.8465811965811966,0.6828865730402738,0.171875,1.0,0.29333333333333333,0.9519230769230769,0.9166666666666666,0.9339622641509434,1.0,0.6230769230769231,0.7677725118483413
mmd,2026,,0.7454790823211876,0.7709923664122137,0.6169786959846638,0.7269076305220884,0.7325002158335492,0.607125031821008,0.12698412698412698,0.7272727272727273,0.21621621621621623,0.9081632653061225,0.8240740740740741,0.8640776699029126,0.9545454545454546,0.6461538461538462,0.7706422018348624
mmd,3407,,0.7502545023784405,0.7786259541984732,0.4921754424118154,0.5502008032128514,0.6348830182163515,0.36673063999401795,0.10465116279069768,0.8181818181818182,0.18556701030927836,0.8904109589041096,0.6018518518518519,0.7182320441988951,0.7,0.4846153846153846,0.5727272727272728
mmd,7777,,0.7577741865524937,0.7786259541984732,0.614877594100843,0.7108433734939759,0.7510273676940344,0.6122550567407655,0.12,0.8181818181818182,0.20930232558139536,0.978494623655914,0.8425925925925926,0.9054726368159204,0.9506172839506173,0.5923076923076923,0.7298578199052133
ccda_no_ontology,42,,0.7994757007461182,0.816793893129771,0.3959299933171143,0.5020080321285141,0.4686091686091686,0.07566527088985256,0.22727272727272727,0.45454545454545453,0.30303030303030304,0.5806451612903226,0.16666666666666666,0.2589928057553957,0.5204081632653061,0.7846153846153846,0.6257668711656442
ccda_no_ontology,123,,0.7754643017800912,0.7938931297709924,0.5457085950043696,0.6666666666666666,0.5757705257705257,0.40333374354288737,0.18181818181818182,0.36363636363636365,0.24242424242424243,0.7142857142857143,0.6944444444444444,0.704225352112676,0.7131147540983607,0.6692307692307692,0.6904761904761905
ccda_no_ontology,2026,,0.7775582651643772,0.7938931297709924,0.40402072733641764,0.5060240963855421,0.5004791504791505,0.11685245655866264,0.1935483870967742,0.5454545454545454,0.2857142857142857,0.6176470588235294,0.19444444444444445,0.29577464788732394,0.5380434782608695,0.7615384615384615,0.6305732484076433
ccda_no_ontology,3407,,0.8493816739863455,0.8625954198473282,0.6812329514457174,0.7630522088353414,0.645666062332729,0.5599739564308125,0.8,0.36363636363636365,0.5,0.7165354330708661,0.8425925925925926,0.774468085106383,0.811965811965812,0.7307692307692307,0.7692307692307693
ccda_no_ontology,7777,,0.801010101010101,0.8244274809160306,0.6388991246950783,0.751004016064257,0.7572865406198739,0.6252806188608152,0.22857142857142856,0.7272727272727273,0.34782608695652173,0.7535211267605634,0.9907407407407407,0.856,1.0,0.5538461538461539,0.7128712871287128
relation_blind,42,25.0,0.7466995247315613,0.7709923664122137,0.47012359905458984,0.5461847389558233,0.48578951912285245,0.1600012903653021,0.26666666666666666,0.36363636363636365,0.3076923076923077,0.5376344086021505,0.46296296296296297,0.4975124378109453,0.5815602836879432,0.6307692307692307,0.6051660516605166
relation_blind,123,30.0,0.7539954959863427,0.7786259541984732,0.3888610414926204,0.5140562248995983,0.4045756712423379,0.13794152928022513,0.06451612903225806,0.18181818181818182,0.09523809523809523,0.6349206349206349,0.37037037037037035,0.4678362573099415,0.5548387096774193,0.6615384615384615,0.6035087719298246
relation_blind,2026,20.0,0.7295283663704716,0.7557251908396947,0.5083685038066865,0.6305220883534136,0.5061512561512561,0.31617496660716154,0.375,0.2727272727272727,0.3157894736842105,0.7647058823529411,0.3611111111111111,0.49056603773584906,0.6052631578947368,0.8846153846153846,0.71875
relation_blind,3407,20.0,0.7955452671804174,0.8015267175572519,0.6999266065404863,0.8232931726907631,0.8018734352067686,0.7139976146694865,0.24242424242424243,0.7272727272727273,0.36363636363636365,0.8813559322033898,0.9629629629629629,0.9203539823008849,0.9489795918367347,0.7153846153846154,0.8157894736842105
relation_blind,7777,18.0,0.7814054321284577,0.8015267175572519,0.6547849494526529,0.7590361445783133,0.785975135975136,0.6188068077319218,0.23076923076923078,0.8181818181818182,0.36,0.8181818181818182,0.9166666666666666,0.8646288209606987,0.9101123595505618,0.6230769230769231,0.7397260273972602
shuffled_ontology,42,23.0,0.7573168539947188,0.7862595419847328,0.3944899155625161,0.4819277108433735,0.44267460934127606,0.1223411899494403,0.09523809523809523,0.36363636363636365,0.1509433962264151,0.5476190476190477,0.42592592592592593,0.4791666666666667,0.5691056910569106,0.5384615384615384,0.5533596837944664
shuffled_ontology,123,17.0,0.7682606941081517,0.7862595419847328,0.46676526509797583,0.5742971887550201,0.5026936026936027,0.23490893672787455,0.16,0.36363636363636365,0.2222222222222222,0.6575342465753424,0.4444444444444444,0.5303867403314917,0.6026490066225165,0.7,0.6476868327402135
shuffled_ontology,2026,26.0,0.7619337550609028,0.7862595419847328,0.4096618357487922,0.606425702811245,0.4284986618319952,0.2860635847213897,0.25,0.09090909090909091,0.13333333333333333,0.8666666666666667,0.24074074074074073,0.37681159420289856,0.5767441860465117,0.9538461538461539,0.7188405797101449
shuffled_ontology,3407,19.0,0.7841766707182382,0.7938931297709924,0.6779556518686953,0.8152610441767069,0.7412673746007079,0.6894069447820728,0.23076923076923078,0.5454545454545454,0.32432432432432434,0.8524590163934426,0.9629629629629629,0.9043478260869565,0.9207920792079208,0.7153846153846154,0.8051948051948052
shuffled_ontology,7777,18.0,0.7675682314591673,0.7862595419847328,0.6229857839803176,0.7469879518072289,0.7228049728049729,0.6079986409608548,0.16666666666666666,0.6363636363636364,0.2641509433962264,0.8048780487804879,0.9166666666666666,0.8571428571428571,0.9523809523809523,0.6153846153846154,0.7476635514018691
ocrda_no_reliability,42,16.0,0.7592517329359435,0.7786259541984732,0.46047867588282315,0.5341365461847389,0.5032245532245532,0.1530410808297651,0.22727272727272727,0.45454545454545453,0.30303030303030304,0.569620253164557,0.4166666666666667,0.48128342245989303,0.5608108108108109,0.6384615384615384,0.5971223021582733
ocrda_no_reliability,123,18.0,0.78866930171278,0.8015267175572519,0.4125937554508983,0.5220883534136547,0.4615255115255115,0.14253549213732247,0.14285714285714285,0.36363636363636365,0.20512820512820512,0.5789473684210527,0.3055555555555556,0.4,0.5670731707317073,0.7153846153846154,0.6326530612244898
ocrda_no_reliability,2026,16.0,0.7722358722358722,0.7938931297709924,0.5750235178515682,0.6907630522088354,0.5822757489424156,0.4310039299355246,0.3076923076923077,0.36363636363636365,0.3333333333333333,0.7945205479452054,0.5370370370370371,0.6408839779005525,0.6748466257668712,0.8461538461538461,0.7508532423208191
ocrda_no_reliability,3407,17.0,0.7858726116366185,0.7938931297709924,0.6863547758284602,0.8072289156626506,0.7910947077613745,0.6900619759796627,0.23529411764705882,0.7272727272727273,0.35555555555555557,0.8583333333333333,0.9537037037037037,0.9035087719298246,0.9473684210526315,0.6923076923076923,0.8
ocrda_no_reliability,7777,16.0,0.7600719124989593,0.7862595419847328,0.6751205939374598,0.7831325301204819,0.8003151169817837,0.65115384082338,0.23684210526315788,0.8181818181818182,0.3673469387755102,0.8508771929824561,0.8981481481481481,0.8738738738738738,0.9175257731958762,0.6846153846153846,0.7841409691629956
ocrda_no_topology,42,20.0,0.7602642885263862,0.7786259541984732,0.4867865467865468,0.5502008032128514,0.5150479150479151,0.17099753822747973,0.29411764705882354,0.45454545454545453,0.35714285714285715,0.5517241379310345,0.4444444444444444,0.49230769230769234,0.5793103448275863,0.6461538461538462,0.610909090909091
ocrda_no_topology,123,20.0,0.7796597665380088,0.7938931297709924,0.43298969072164945,0.5381526104417671,0.4743935077268411,0.16540036900096466,0.16,0.36363636363636365,0.2222222222222222,0.6031746031746031,0.35185185185185186,0.4444444444444444,0.5714285714285714,0.7076923076923077,0.6323024054982818
ocrda_no_topology,2026,21.0,0.7549471844146584,0.7786259541984732,0.5389942827726263,0.6907630522088354,0.5257532590865924,0.42278010492881674,0.3333333333333333,0.18181818181818182,0.23529411764705882,0.8,0.5185185185185185,0.6292134831460674,0.6589595375722543,0.8769230769230769,0.7524752475247525
ocrda_no_topology,3407,20.0,0.7992654508611956,0.8091603053435115,0.6970080067425201,0.8112449799196787,0.8208754208754208,0.6997021541717721,0.24324324324324326,0.8181818181818182,0.375,0.8793103448275862,0.9444444444444444,0.9107142857142857,0.9479166666666666,0.7,0.8053097345132744
ocrda_no_topology,7777,18.0,0.77109440267335,0.7938931297709924,0.6258140169315521,0.7469879518072289,0.7233272899939567,0.6012097826562587,0.1891891891891892,0.6363636363636364,0.2916666666666667,0.78125,0.9259259259259259,0.847457627118644,0.9404761904761905,0.6076923076923076,0.7383177570093458
full_ocrda,42,30.0,0.7726783020900667,0.8015267175572519,0.46658887084419004,0.5301204819277109,0.5289216955883623,0.1579178570707397,0.23076923076923078,0.5454545454545454,0.32432432432432434,0.575,0.42592592592592593,0.48936170212765956,0.5594405594405595,0.6153846153846154,0.5860805860805861
full_ocrda,123,17.0,0.8241971582077229,0.8320610687022901,0.45717313741634474,0.5381526104417671,0.5581326081326081,0.20595440473312515,0.1794871794871795,0.6363636363636364,0.28,0.6190476190476191,0.3611111111111111,0.45614035087719296,0.5986394557823129,0.676923076923077,0.6353790613718412
full_ocrda,2026,17.0,0.7474678877055787,0.7709923664122137,0.508089867362662,0.6224899598393574,0.5308512475179142,0.3105086017373316,0.25,0.36363636363636365,0.2962962962962963,0.7678571428571429,0.39814814814814814,0.524390243902439,0.6101694915254238,0.8307692307692308,0.7035830618892508
full_ocrda,3407,18.0,0.7985946420729029,0.8091603053435115,0.7046657046657047,0.8072289156626506,0.8172666839333506,0.6805414635166324,0.2903225806451613,0.8181818181818182,0.42857142857142855,0.8547008547008547,0.9259259259259259,0.8888888888888888,0.9108910891089109,0.7076923076923077,0.7965367965367965
full_ocrda,7777,16.0,0.7710741908534778,0.7938931297709924,0.5975795692776824,0.714859437751004,0.700202883536217,0.5762972731724937,0.12727272727272726,0.6363636363636364,0.21212121212121213,0.8482142857142857,0.8796296296296297,0.8636363636363636,0.926829268292683,0.5846153846153846,0.7169811320754716
