method,n,macro_f1_mean,macro_f1_sd,macro_f1_ci95_low,macro_f1_ci95_high,accuracy_mean,accuracy_sd,accuracy_ci95_low,accuracy_ci95_high,balanced_accuracy_mean,balanced_accuracy_sd,balanced_accuracy_ci95_low,balanced_accuracy_ci95_high,mcc_mean,mcc_sd,mcc_ci95_low,mcc_ci95_high,BG_f1_mean,BG_f1_sd,BG_f1_ci95_low,BG_f1_ci95_high,Healthy_f1_mean,Healthy_f1_sd,Healthy_f1_ci95_low,Healthy_f1_ci95_high,WSSV_f1_mean,WSSV_f1_sd,WSSV_f1_ci95_low,WSSV_f1_ci95_high,BG_precision_mean,BG_precision_sd,BG_precision_ci95_low,BG_precision_ci95_high,BG_recall_mean,BG_recall_sd,BG_recall_ci95_low,BG_recall_ci95_high
source_only,5,0.3994440469598669,0.0482010782311298,0.33959450344566977,0.45929359047406404,0.4373333333333333,0.044372163446116636,0.3822380154598771,0.49242865120678947,0.4373333333333334,0.04437216344611663,0.38223801545987723,0.4924286512067896,0.17436134649800356,0.07277063753655535,0.08400466574252714,0.26471802725348,0.5671199726672189,0.03346502218262346,0.5255676594239649,0.608672285910473,0.3926043741047409,0.0967849072807637,0.272430039164727,0.5127787090447548,0.238607794107641,0.08129873687651126,0.137662079428636,0.339553508786646,0.4854691959039785,0.09047571509147354,0.3731287577631547,0.5978096340448024,0.7160000000000001,0.1089954127475097,0.5806643200220574,0.8513356799779428
coral,5,0.3922394480555681,0.04586692472729173,0.33528813891336784,0.44919075719776835,0.42266666666666663,0.0390441345715902,0.37418697042810006,0.4711463629052332,0.42266666666666663,0.0390441345715902,0.37418697042810006,0.4711463629052332,0.14512041871594564,0.05784425372391102,0.07329729136400118,0.2169435460678901,0.5473437364398628,0.04416570046071168,0.49250477622234556,0.60218269665738,0.38486111078339313,0.09237763369944978,0.2701591287795313,0.49956309278725497,0.2445134969434486,0.09454049337490696,0.12712596994740494,0.36190102393949225,0.5057384651806652,0.06429877312219653,0.4259009934661618,0.5855759368951686,0.636,0.16024980499208102,0.43702358642215877,0.8349764135778412
mmd,5,0.3025467118821171,0.058657723052654924,0.22971352895102837,0.3753798948132059,0.36800000000000005,0.03245509718570156,0.32770167426631003,0.40829832573369007,0.36800000000000005,0.03245509718570158,0.32770167426631003,0.40829832573369007,0.07285420830282699,0.07145891436158941,-0.015873753010684666,0.16158216961633864,0.48112970785994225,0.045990919890307506,0.4240244383878739,0.5382349773320106,0.2180177729003115,0.12775115680113233,0.05939376077146122,0.3766417850291618,0.20849265488609753,0.12420516163100269,0.05427157729780169,0.36271373247439337,0.3626782377477541,0.026838318795993448,0.3293540635264536,0.3960024119690546,0.776,0.21512786895239772,0.5088834701115099,1.0431165298884901
ccda_no_ontology,5,0.4030230203310693,0.01577822873319123,0.38343176175764154,0.42261427890449704,0.4413333333333333,0.027648588471103613,0.40700307642761224,0.47566359023905436,0.4413333333333333,0.027648588471103613,0.40700307642761224,0.47566359023905436,0.18489320732484896,0.056743977765930154,0.1144362530180185,0.2553501616316794,0.5347259168754016,0.03561752678957913,0.490500916155723,0.5789509175950802,0.43694867025696665,0.08890941895542187,0.32655304563880383,0.5473442948751295,0.23739447386083973,0.08532342325345015,0.1314514510035286,0.34333749671815084,0.489201489093816,0.08194120602169702,0.38745804360727715,0.5909449345803549,0.6279999999999999,0.13754999091239517,0.45720912833082356,0.7987908716691763
relation_blind,5,0.3883986532853065,0.053861249588706694,0.32152107877274194,0.455276227797871,0.4293333333333333,0.03577708763999664,0.3849102116501685,0.4737564550164981,0.4293333333333333,0.035777087639996624,0.38491021165016853,0.47375645501649805,0.1633381973115609,0.05578855685272268,0.09406755475579114,0.23260883986733066,0.5303795073675481,0.027694030365696558,0.49599282689730084,0.5647661878377954,0.3953835454707185,0.12207828554291407,0.24380333334964277,0.5469637575917943,0.23943290701765277,0.09961718360796257,0.11574183652919125,0.3631239775061143,0.4482249239934518,0.06264320371228228,0.3704431132117664,0.5260067347751373,0.692,0.1700588133558505,0.48084409387878657,0.9031559061212133
shuffled_ontology,5,0.36070120710243336,0.0515694874833295,0.29666923108856336,0.42473318311630337,0.4093333333333334,0.0229007520497569,0.3808982939813591,0.43776837268530766,0.4093333333333334,0.02290075204975685,0.3808982939813592,0.43776837268530755,0.1297512237636374,0.03088655460684892,0.09140050087975841,0.16810194664751638,0.528928548928549,0.014702746254468196,0.5106726782296506,0.5471844196274475,0.3746892392556721,0.0777331684200468,0.27817076256219003,0.47120771594915417,0.1784858331230791,0.10834540552279395,0.04395724371463833,0.3130144225315199,0.44618228203264343,0.06918787774257264,0.3602741851275673,0.5320903789377196,0.7,0.16431676725154984,0.4959737858025228,0.9040262141974771
ocrda_no_reliability,5,0.3836070043753034,0.038033332260563026,0.3363823849756404,0.43083162377496637,0.42400000000000004,0.01801234144814172,0.40163472410048895,0.44636527589951114,0.42400000000000004,0.01801234144814172,0.40163472410048895,0.44636527589951114,0.15407946807972156,0.025572967794293973,0.12232643464232235,0.18583250151712077,0.5305503971149588,0.05057279108965594,0.46775598313025274,0.5933448110996647,0.38221891253551893,0.09422310087649173,0.2652254803780574,0.4992123446929805,0.23805170347543228,0.0643481925789875,0.15815286940062073,0.31795053755024383,0.4420079435127978,0.04425229917043227,0.38706145679512965,0.496954430230466,0.708,0.19162463307205574,0.47006659194542155,0.9459334080545784
ocrda_no_topology,5,0.37874347035542993,0.052953561460599305,0.31299293951313334,0.44449400119772653,0.42000000000000004,0.02581988897471611,0.38794037342247667,0.4520596265775234,0.42000000000000004,0.025819888974716123,0.38794037342247667,0.4520596265775234,0.1442791905183853,0.034288894380564344,0.10170390482782712,0.1868544762089435,0.5393602896950064,0.02572720490611618,0.5074157455886706,0.5713048338013421,0.3708884331668339,0.10433910313871937,0.24133432519461645,0.5004425411390514,0.22598168820444964,0.08695276197999317,0.11801557410951086,0.3339478022993884,0.4601828336409902,0.04949599997842866,0.39872543241268094,0.5216402348692994,0.692,0.1735511451993331,0.4765077911589536,0.9074922088410463
full_ocrda,5,0.37746277747917445,0.04091129893117231,0.32666469047658553,0.42826086448176337,0.41466666666666663,0.028440972010268708,0.37935253564759497,0.4499807976857383,0.41466666666666663,0.02844097201026871,0.37935253564759497,0.4499807976857383,0.1389572617060766,0.04655023609831161,0.08115750943491772,0.1967570139772355,0.5150189786059352,0.03525800889429427,0.47124037831354176,0.5587975788983285,0.3678952793238507,0.09773770213683851,0.24653789331337497,0.48925266533432643,0.24947407450773768,0.06336520812482893,0.1707957768404488,0.3281523721750266,0.4324274015077035,0.04941092023507792,0.37107564073368926,0.4937791622817177,0.6759999999999999,0.17285832349065522,0.4613680429317929,0.890631957068207
