comparator,metric,n,full_minus_comparator_mean,sd,wilcoxon_p_two_sided
source_only,macro_f1,5,-0.021981269480692435,0.06932725327116934,0.4375
source_only,BG_f1,5,-0.05210099406128377,0.06158513049739896,0.1875
source_only,Healthy_f1,5,-0.024709094780890183,0.15060643856929265,0.8125
source_only,WSSV_f1,5,0.010866280400096628,0.04747076313856789,0.625
source_only,balanced_accuracy,5,-0.02266666666666667,0.06626545941220895,0.625
source_only,mcc,5,-0.03540408479192695,0.11175920277010912,0.625
coral,macro_f1,5,-0.014776670576393614,0.05235002631977218,0.625
coral,BG_f1,5,-0.03232475783392756,0.07849005676121433,0.625
coral,Healthy_f1,5,-0.016965831459542356,0.16892359038021368,0.8125
coral,WSSV_f1,5,0.00496057756428907,0.05201066742938399,0.8125
coral,balanced_accuracy,5,-0.007999999999999985,0.05362420680584056,0.8125
coral,mcc,5,-0.0061631570098689996,0.08805224392310315,1.0
mmd,macro_f1,5,0.07491606559705741,0.09134976329851574,0.1875
mmd,BG_f1,5,0.03388927074599283,0.08105979572971672,0.625
mmd,Healthy_f1,5,0.14987750642353928,0.21689210129302233,0.3125
mmd,WSSV_f1,5,0.040981419621640126,0.12410896777185484,0.4375
mmd,balanced_accuracy,5,0.04666666666666667,0.05849976258261417,0.3125
mmd,mcc,5,0.06610305340324965,0.11471713563268462,0.3125
ccda_no_ontology,macro_f1,5,-0.02556024285189481,0.05405390811846675,0.4375
ccda_no_ontology,BG_f1,5,-0.019706938269466477,0.05260631242960593,0.4375
ccda_no_ontology,Healthy_f1,5,-0.06905339093311585,0.16206473531247764,0.625
ccda_no_ontology,WSSV_f1,5,0.01207960064689791,0.05184863878473801,0.625
ccda_no_ontology,balanced_accuracy,5,-0.026666666666666637,0.05099019513592781,0.375
ccda_no_ontology,mcc,5,-0.045935945618772345,0.09490993196327072,0.4375
relation_blind,macro_f1,5,-0.010935875806131989,0.03276259805767179,0.625
relation_blind,BG_f1,5,-0.01536052876161298,0.020003826164075318,0.1875
relation_blind,Healthy_f1,5,-0.0274882661468678,0.06286414020176471,0.4375
relation_blind,WSSV_f1,5,0.010041167490084862,0.06382343677672944,0.4375
relation_blind,balanced_accuracy,5,-0.014666666666666616,0.028047578623950162,0.375
relation_blind,mcc,5,-0.024380935605484298,0.041704378049998304,0.3125
shuffled_ontology,macro_f1,5,0.01676157037674114,0.04345337252267659,0.8125
shuffled_ontology,BG_f1,5,-0.013909570322613774,0.023413081236452887,0.3125
shuffled_ontology,Healthy_f1,5,-0.006793959931821336,0.04270139600457644,0.8125
shuffled_ontology,WSSV_f1,5,0.07098824138465853,0.09113893012804411,0.3125
shuffled_ontology,balanced_accuracy,5,0.005333333333333345,0.03379677828169749,0.875
shuffled_ontology,mcc,5,0.0092060379424392,0.05551135176210999,0.8125
ocrda_no_reliability,macro_f1,5,-0.006144226896128835,0.02895359801265873,0.625
ocrda_no_reliability,BG_f1,5,-0.015531418509023643,0.0409124290340688,0.625
ocrda_no_reliability,Healthy_f1,5,-0.014323633211668163,0.07086568629269051,0.8125
ocrda_no_reliability,WSSV_f1,5,0.011422371032305357,0.041579696800716284,0.625
ocrda_no_reliability,balanced_accuracy,5,-0.009333333333333338,0.027728845790780558,0.625
ocrda_no_reliability,mcc,5,-0.015122206373644937,0.04725882249857312,0.4375
ocrda_no_topology,macro_f1,5,-0.0012806928762554514,0.031998279203716916,1.0
ocrda_no_topology,BG_f1,5,-0.024341311089071248,0.03444501169136699,0.1875
ocrda_no_topology,Healthy_f1,5,-0.0029931538429831426,0.0728824241941366,1.0
ocrda_no_topology,WSSV_f1,5,0.023492386303288027,0.04646046500444266,0.4375
ocrda_no_topology,balanced_accuracy,5,-0.005333333333333357,0.033796778281697554,0.6875
ocrda_no_topology,mcc,5,-0.00532192881230871,0.05626339289974627,1.0
