method,seed,macro_f1,accuracy,balanced_accuracy,mcc,BG_f1,Healthy_f1,WSSV_f1,BG_precision,BG_recall
source_only,42,0.36024844720496896,0.41333333333333333,0.41333333333333333,0.15144241708065004,0.5341614906832298,0.2857142857142857,0.2608695652173913,0.38738738738738737,0.86
source_only,123,0.3879128264208909,0.43333333333333335,0.43333333333333335,0.16122509264713042,0.5967741935483871,0.4107142857142857,0.15625,0.5,0.74
source_only,2026,0.44445378740102304,0.4666666666666667,0.46666666666666673,0.21501647626876533,0.5671641791044776,0.4,0.36619718309859156,0.4523809523809524,0.76
source_only,3407,0.34947318007662836,0.38,0.38000000000000006,0.07505362889494704,0.5333333333333333,0.3275862068965517,0.1875,0.45714285714285713,0.64
source_only,7777,0.4551319936958234,0.49333333333333335,0.49333333333333335,0.269069117598525,0.6041666666666666,0.5390070921985816,0.2222222222222222,0.6304347826086957,0.58
coral,42,0.36569051863169505,0.41333333333333333,0.41333333333333333,0.14167081154592512,0.5490196078431373,0.23376623376623376,0.3142857142857143,0.4077669902912621,0.84
coral,123,0.3904533731327651,0.42,0.42,0.13730692094697022,0.5691056910569106,0.37037037037037035,0.2318840579710145,0.4794520547945205,0.7
coral,2026,0.4636761219847611,0.47333333333333333,0.4733333333333334,0.2135458263150511,0.5765765765765766,0.4485981308411215,0.36585365853658536,0.5245901639344263,0.64
coral,3407,0.3417491240142689,0.36666666666666664,0.3666666666666667,0.05739926657981699,0.47058823529411764,0.40540540540540543,0.14925373134328357,0.5714285714285714,0.4
coral,7777,0.39962810251435044,0.44,0.44,0.17567926819196464,0.5714285714285714,0.46616541353383456,0.16129032258064516,0.5454545454545454,0.6
mmd,42,0.24734297638489255,0.32666666666666666,0.32666666666666666,-0.013653865341984008,0.47904191616766467,0.15584415584415584,0.10714285714285714,0.3418803418803419,0.8
mmd,123,0.2497043325526932,0.34,0.34,0.015123765100472588,0.49142857142857144,0.09375,0.16393442622950818,0.344,0.86
mmd,2026,0.30370045044372146,0.38666666666666666,0.38666666666666666,0.1253883583880886,0.519774011299435,0.12903225806451613,0.26229508196721313,0.36220472440944884,0.92
mmd,3407,0.3892255892255892,0.38666666666666666,0.3866666666666667,0.08234451245504612,0.40404040404040403,0.36363636363636365,0.4,0.40816326530612246,0.4
mmd,7777,0.32276021080368905,0.4,0.4000000000000001,0.1550682709125116,0.5113636363636364,0.34782608695652173,0.10909090909090909,0.35714285714285715,0.9
ccda_no_ontology,42,0.39327240994776175,0.4266666666666667,0.4266666666666667,0.15182750626128064,0.5413533834586466,0.39603960396039606,0.24242424242424243,0.43373493975903615,0.72
ccda_no_ontology,123,0.40719323975137933,0.4533333333333333,0.4533333333333333,0.1976709540578676,0.5891472868217055,0.43243243243243246,0.2,0.4810126582278481,0.76
ccda_no_ontology,2026,0.38283696979349147,0.4066666666666667,0.4066666666666667,0.1211892838957055,0.5,0.32967032967032966,0.3188405797101449,0.3888888888888889,0.7
ccda_no_ontology,3407,0.42438897309586965,0.44,0.44,0.18195921727454203,0.5054945054945055,0.45517241379310347,0.3125,0.5609756097560976,0.46
ccda_no_ontology,7777,0.4074235090668444,0.48,0.48,0.271819075134849,0.5376344086021505,0.5714285714285714,0.11320754716981132,0.5813953488372093,0.5
relation_blind,42,0.39991258741258745,0.43333333333333335,0.4333333333333333,0.16324934132046795,0.5576923076923077,0.45454545454545453,0.1875,0.5370370370370371,0.58
relation_blind,123,0.41658217574895023,0.46,0.45999999999999996,0.21017904867332446,0.5190839694656488,0.5272727272727272,0.2033898305084746,0.41975308641975306,0.68
relation_blind,2026,0.4560386108540924,0.46,0.46,0.1961509686467691,0.49504950495049505,0.4628099173553719,0.41025641025641024,0.49019607843137253,0.5
relation_blind,3407,0.3477957625275944,0.42,0.41999999999999993,0.17838931210518694,0.5595238095238095,0.2465753424657534,0.23728813559322035,0.3983050847457627,0.94
relation_blind,7777,0.32166412988330795,0.37333333333333335,0.37333333333333335,0.06872231581205611,0.5205479452054794,0.2857142857142857,0.15873015873015872,0.3958333333333333,0.76
shuffled_ontology,42,0.34941712969447947,0.4,0.4000000000000001,0.10964103810497536,0.5333333333333333,0.4132231404958678,0.1016949152542373,0.45714285714285713,0.64
shuffled_ontology,123,0.3888958946335996,0.4266666666666667,0.4266666666666666,0.1549952684989711,0.5333333333333333,0.40384615384615385,0.22950819672131148,0.4235294117647059,0.72
shuffled_ontology,2026,0.4333074553970076,0.44,0.44,0.17096254861184693,0.5054945054945055,0.44776119402985076,0.3466666666666667,0.5609756097560976,0.46
shuffled_ontology,3407,0.30115974560419007,0.38666666666666666,0.3866666666666667,0.10755953134800897,0.5454545454545454,0.24691358024691357,0.1111111111111111,0.391304347826087,0.9
shuffled_ontology,7777,0.3307258101828901,0.3933333333333333,0.39333333333333337,0.10559773225438471,0.527027027027027,0.3617021276595745,0.10344827586206896,0.3979591836734694,0.78
ocrda_no_reliability,42,0.3932808716707022,0.42,0.42,0.136366970723212,0.576271186440678,0.375,0.22857142857142856,0.5,0.68
ocrda_no_reliability,123,0.421008828485464,0.4533333333333333,0.45333333333333337,0.19576013696705152,0.5230769230769231,0.48598130841121495,0.25396825396825395,0.425,0.68
ocrda_no_reliability,2026,0.41652904245680106,0.4266666666666667,0.4266666666666667,0.14706185251620996,0.44680851063829785,0.46511627906976744,0.33766233766233766,0.4772727272727273,0.42
ocrda_no_reliability,3407,0.3413744942736914,0.41333333333333333,0.4133333333333334,0.15924215922154028,0.5575757575757576,0.2631578947368421,0.2033898305084746,0.4,0.92
ocrda_no_reliability,7777,0.34584178498985807,0.4066666666666667,0.40666666666666673,0.131966220970594,0.5490196078431373,0.3218390804597701,0.16666666666666666,0.4077669902912621,0.84
ocrda_no_topology,42,0.39641387608641937,0.41333333333333333,0.41333333333333333,0.1253906401470331,0.5391304347826087,0.3684210526315789,0.28169014084507044,0.47692307692307695,0.62
ocrda_no_topology,123,0.4059139476300809,0.44,0.4400000000000001,0.1737898901215125,0.5254237288135594,0.4628099173553719,0.22950819672131148,0.45588235294117646,0.62
ocrda_no_topology,2026,0.44243349851902486,0.4533333333333333,0.45333333333333337,0.18860838403857944,0.5052631578947369,0.484375,0.33766233766233766,0.5333333333333333,0.48
ocrda_no_topology,3407,0.3139913188105959,0.3933333333333333,0.39333333333333337,0.1172230140147512,0.5555555555555556,0.24096385542168675,0.14545454545454545,0.4017857142857143,0.9
ocrda_no_topology,7777,0.3349647107310288,0.4,0.4000000000000001,0.11638402427005037,0.5714285714285714,0.2978723404255319,0.13559322033898305,0.4329896907216495,0.84
full_ocrda,42,0.42812339989759346,0.4533333333333333,0.4533333333333333,0.195344689558466,0.5178571428571429,0.47619047619047616,0.2903225806451613,0.46774193548387094,0.58
full_ocrda,123,0.3763162353063831,0.42,0.4200000000000001,0.14980511419160675,0.5138888888888888,0.40816326530612246,0.20689655172413793,0.39361702127659576,0.74
full_ocrda,2026,0.4071969696969697,0.41333333333333333,0.41333333333333333,0.12803687993289598,0.4791666666666667,0.4090909090909091,0.3333333333333333,0.5,0.46
full_ocrda,3407,0.345010034665207,0.41333333333333333,0.4133333333333334,0.15361068348251383,0.5714285714285714,0.2222222222222222,0.2413793103448276,0.4144144144144144,0.92
full_ocrda,7777,0.33066724782971924,0.37333333333333335,0.37333333333333335,0.0679889413649005,0.4927536231884058,0.3238095238095238,0.17543859649122806,0.38636363636363635,0.68
