method,seed,checkpoint_path
source_only,42,models/source_only/seed_42/compact_model_fp16.pt
coral,42,models/coral/seed_42/compact_model_fp16.pt
mmd,42,models/mmd/seed_42/compact_model_fp16.pt
ccda_no_ontology,42,models/ccda_no_ontology/seed_42/compact_model_fp16.pt
relation_blind,42,models/relation_blind/seed_42/compact_model_fp16.pt
shuffled_ontology,42,models/shuffled_ontology/seed_42/compact_model_fp16.pt
ocrda_no_reliability,42,models/ocrda_no_reliability/seed_42/compact_model_fp16.pt
ocrda_no_topology,42,models/ocrda_no_topology/seed_42/compact_model_fp16.pt
full_ocrda,42,models/full_ocrda/seed_42/compact_model_fp16.pt
source_only,123,models/source_only/seed_123/compact_model_fp16.pt
coral,123,models/coral/seed_123/compact_model_fp16.pt
mmd,123,models/mmd/seed_123/compact_model_fp16.pt
ccda_no_ontology,123,models/ccda_no_ontology/seed_123/compact_model_fp16.pt
relation_blind,123,models/relation_blind/seed_123/compact_model_fp16.pt
shuffled_ontology,123,models/shuffled_ontology/seed_123/compact_model_fp16.pt
ocrda_no_reliability,123,models/ocrda_no_reliability/seed_123/compact_model_fp16.pt
ocrda_no_topology,123,models/ocrda_no_topology/seed_123/compact_model_fp16.pt
full_ocrda,123,models/full_ocrda/seed_123/compact_model_fp16.pt
source_only,2026,models/source_only/seed_2026/compact_model_fp16.pt
coral,2026,models/coral/seed_2026/compact_model_fp16.pt
mmd,2026,models/mmd/seed_2026/compact_model_fp16.pt
ccda_no_ontology,2026,models/ccda_no_ontology/seed_2026/compact_model_fp16.pt
relation_blind,2026,models/relation_blind/seed_2026/compact_model_fp16.pt
shuffled_ontology,2026,models/shuffled_ontology/seed_2026/compact_model_fp16.pt
ocrda_no_reliability,2026,models/ocrda_no_reliability/seed_2026/compact_model_fp16.pt
ocrda_no_topology,2026,models/ocrda_no_topology/seed_2026/compact_model_fp16.pt
full_ocrda,2026,models/full_ocrda/seed_2026/compact_model_fp16.pt
source_only,3407,models/source_only/seed_3407/compact_model_fp16.pt
coral,3407,models/coral/seed_3407/compact_model_fp16.pt
mmd,3407,models/mmd/seed_3407/compact_model_fp16.pt
ccda_no_ontology,3407,models/ccda_no_ontology/seed_3407/compact_model_fp16.pt
relation_blind,3407,models/relation_blind/seed_3407/compact_model_fp16.pt
shuffled_ontology,3407,models/shuffled_ontology/seed_3407/compact_model_fp16.pt
ocrda_no_reliability,3407,models/ocrda_no_reliability/seed_3407/compact_model_fp16.pt
ocrda_no_topology,3407,models/ocrda_no_topology/seed_3407/compact_model_fp16.pt
full_ocrda,3407,models/full_ocrda/seed_3407/compact_model_fp16.pt
source_only,7777,models/source_only/seed_7777/compact_model_fp16.pt
coral,7777,models/coral/seed_7777/compact_model_fp16.pt
mmd,7777,models/mmd/seed_7777/compact_model_fp16.pt
ccda_no_ontology,7777,models/ccda_no_ontology/seed_7777/compact_model_fp16.pt
relation_blind,7777,models/relation_blind/seed_7777/compact_model_fp16.pt
shuffled_ontology,7777,models/shuffled_ontology/seed_7777/compact_model_fp16.pt
ocrda_no_reliability,7777,models/ocrda_no_reliability/seed_7777/compact_model_fp16.pt
ocrda_no_topology,7777,models/ocrda_no_topology/seed_7777/compact_model_fp16.pt
full_ocrda,7777,models/full_ocrda/seed_7777/compact_model_fp16.pt
