ds3_relpath,label,keep,status
BG/VN3_BG_001.png,BG,True,KEEP
BG/VN3_BG_003.png,BG,True,KEEP
BG/VN3_BG_004.jpg,BG,True,KEEP
BG/VN3_BG_005.png,BG,True,KEEP
BG/VN3_BG_006.png,BG,True,KEEP
BG/VN3_BG_007.png,BG,True,KEEP
BG/VN3_BG_008.jpg,BG,True,KEEP
BG/VN3_BG_009.png,BG,True,KEEP
BG/VN3_BG_010.png,BG,True,KEEP
BG/VN3_BG_011.png,BG,True,KEEP
BG/VN3_BG_012.png,BG,True,KEEP
BG/VN3_BG_013.png,BG,True,KEEP
BG/VN3_BG_014.jpg,BG,True,KEEP
BG/VN3_BG_015.png,BG,True,KEEP
BG/VN3_BG_016.jpg,BG,True,KEEP
BG/VN3_BG_017.png,BG,True,KEEP
BG/VN3_BG_018.png,BG,True,KEEP
BG/VN3_BG_019.png,BG,True,KEEP
BG/VN3_BG_020.png,BG,True,KEEP
BG/VN3_BG_021.png,BG,True,KEEP
BG/VN3_BG_022.png,BG,True,KEEP
BG/VN3_BG_023.png,BG,True,KEEP
BG/VN3_BG_024.png,BG,True,KEEP
BG/VN3_BG_025.png,BG,True,KEEP
BG/VN3_BG_026.png,BG,True,KEEP
BG/VN3_BG_027.png,BG,True,KEEP
BG/VN3_BG_028.png,BG,True,KEEP
BG/VN3_BG_029.png,BG,True,KEEP
BG/VN3_BG_030.png,BG,True,KEEP
BG/VN3_BG_032.png,BG,True,KEEP
BG/VN3_BG_033.png,BG,True,KEEP
BG/VN3_BG_034.png,BG,True,KEEP
BG/VN3_BG_035.png,BG,True,KEEP
BG/VN3_BG_036.png,BG,True,KEEP
BG/VN3_BG_037.png,BG,True,KEEP
BG/VN3_BG_038.png,BG,True,KEEP
BG/VN3_BG_039.png,BG,True,KEEP
BG/VN3_BG_040.png,BG,True,KEEP
BG/VN3_BG_041.png,BG,True,KEEP
BG/VN3_BG_042.png,BG,True,KEEP
BG/VN3_BG_043.png,BG,True,KEEP
BG/VN3_BG_044.png,BG,True,KEEP
BG/VN3_BG_045.png,BG,True,KEEP
BG/VN3_BG_046.png,BG,True,KEEP
BG/VN3_BG_047.png,BG,True,KEEP
BG/VN3_BG_048.png,BG,True,KEEP
BG/VN3_BG_049.png,BG,True,KEEP
BG/VN3_BG_050.jpg,BG,True,KEEP
BG/VN3_BG_051.jpg,BG,True,KEEP
BG/VN3_BG_052.jpg,BG,True,KEEP
Healthy/VN3_Healthy_001.png,Healthy,True,KEEP
Healthy/VN3_Healthy_003.jpg,Healthy,True,KEEP
Healthy/VN3_Healthy_005.png,Healthy,True,KEEP
Healthy/VN3_Healthy_006.png,Healthy,True,KEEP
Healthy/VN3_Healthy_007.png,Healthy,True,KEEP
Healthy/VN3_Healthy_008.png,Healthy,True,KEEP
Healthy/VN3_Healthy_010.jpg,Healthy,True,KEEP
Healthy/VN3_Healthy_011.png,Healthy,True,KEEP
Healthy/VN3_Healthy_012.jpg,Healthy,True,KEEP
Healthy/VN3_Healthy_013.png,Healthy,True,KEEP
Healthy/VN3_Healthy_014.png,Healthy,True,KEEP
Healthy/VN3_Healthy_015.jpg,Healthy,True,KEEP
Healthy/VN3_Healthy_021.png,Healthy,True,KEEP
Healthy/VN3_Healthy_022.png,Healthy,True,KEEP
Healthy/VN3_Healthy_023.jpg,Healthy,True,KEEP
Healthy/VN3_Healthy_025.jpg,Healthy,True,KEEP
Healthy/VN3_Healthy_026.jpg,Healthy,True,KEEP
Healthy/VN3_Healthy_027.jpg,Healthy,True,KEEP
Healthy/VN3_Healthy_028.png,Healthy,True,KEEP
Healthy/VN3_Healthy_029.png,Healthy,True,KEEP
Healthy/VN3_Healthy_030.png,Healthy,True,KEEP
Healthy/VN3_Healthy_031.png,Healthy,True,KEEP
Healthy/VN3_Healthy_032.jpg,Healthy,True,KEEP
Healthy/VN3_Healthy_033.png,Healthy,True,KEEP
Healthy/VN3_Healthy_035.jpg,Healthy,True,KEEP
Healthy/VN3_Healthy_037.png,Healthy,True,KEEP
Healthy/VN3_Healthy_038.jpg,Healthy,True,KEEP
Healthy/VN3_Healthy_039.png,Healthy,True,KEEP
Healthy/VN3_Healthy_040.png,Healthy,True,KEEP
Healthy/VN3_Healthy_041.jpg,Healthy,True,KEEP
Healthy/VN3_Healthy_042.png,Healthy,True,KEEP
Healthy/VN3_Healthy_044.jpg,Healthy,True,KEEP
Healthy/VN3_Healthy_045.png,Healthy,True,KEEP
Healthy/VN3_Healthy_046.jpg,Healthy,True,KEEP
Healthy/VN3_Healthy_048.png,Healthy,True,KEEP
Healthy/VN3_Healthy_049.jpg,Healthy,True,KEEP
Healthy/VN3_Healthy_050.jpg,Healthy,True,KEEP
Healthy/VN3_Healthy_051.jpg,Healthy,True,KEEP
Healthy/VN3_Healthy_053.jpg,Healthy,True,KEEP
Healthy/VN3_Healthy_054.jpg,Healthy,True,KEEP
Healthy/VN3_Healthy_055.jpg,Healthy,True,KEEP
Healthy/VN3_Healthy_056.jpg,Healthy,True,KEEP
Healthy/VN3_Healthy_057.jpg,Healthy,True,KEEP
Healthy/VN3_Healthy_058.png,Healthy,True,KEEP
Healthy/VN3_Healthy_059.jpg,Healthy,True,KEEP
Healthy/VN3_Healthy_060.jpg,Healthy,True,KEEP
Healthy/VN3_Healthy_061.jpg,Healthy,True,KEEP
Healthy/VN3_Healthy_062.jpg,Healthy,True,KEEP
Healthy/VN3_Healthy_063.png,Healthy,True,KEEP
Healthy/VN3_Healthy_064.png,Healthy,True,KEEP
WSSV/VN3_WSSV_002.png,WSSV,True,KEEP
WSSV/VN3_WSSV_003.png,WSSV,True,KEEP
WSSV/VN3_WSSV_004.png,WSSV,True,KEEP
WSSV/VN3_WSSV_005.png,WSSV,True,KEEP
WSSV/VN3_WSSV_007.jpg,WSSV,True,KEEP
WSSV/VN3_WSSV_009.png,WSSV,True,KEEP
WSSV/VN3_WSSV_010.png,WSSV,True,KEEP
WSSV/VN3_WSSV_013.jpg,WSSV,True,KEEP
WSSV/VN3_WSSV_014.png,WSSV,True,KEEP
WSSV/VN3_WSSV_016.jpg,WSSV,True,KEEP
WSSV/VN3_WSSV_017.jpg,WSSV,True,KEEP
WSSV/VN3_WSSV_018.png,WSSV,True,KEEP
WSSV/VN3_WSSV_021.png,WSSV,True,KEEP
WSSV/VN3_WSSV_022.png,WSSV,True,KEEP
WSSV/VN3_WSSV_024.jpg,WSSV,True,KEEP
WSSV/VN3_WSSV_027.jpg,WSSV,True,KEEP
WSSV/VN3_WSSV_028.png,WSSV,True,KEEP
WSSV/VN3_WSSV_029.png,WSSV,True,KEEP
WSSV/VN3_WSSV_033.jpg,WSSV,True,KEEP
WSSV/VN3_WSSV_035.png,WSSV,True,KEEP
WSSV/VN3_WSSV_039.png,WSSV,True,KEEP
WSSV/VN3_WSSV_040.png,WSSV,True,KEEP
WSSV/VN3_WSSV_043.jpg,WSSV,True,KEEP
WSSV/VN3_WSSV_044.png,WSSV,True,KEEP
WSSV/VN3_WSSV_045.png,WSSV,True,KEEP
WSSV/VN3_WSSV_046.png,WSSV,True,KEEP
WSSV/VN3_WSSV_048.png,WSSV,True,KEEP
WSSV/VN3_WSSV_050.png,WSSV,True,KEEP
WSSV/VN3_WSSV_051.png,WSSV,True,KEEP
WSSV/VN3_WSSV_053.jpg,WSSV,True,KEEP
WSSV/VN3_WSSV_054.png,WSSV,True,KEEP
WSSV/VN3_WSSV_055.jpg,WSSV,True,KEEP
WSSV/VN3_WSSV_057.jpg,WSSV,True,KEEP
WSSV/VN3_WSSV_059.jpg,WSSV,True,KEEP
WSSV/VN3_WSSV_060.png,WSSV,True,KEEP
WSSV/VN3_WSSV_061.png,WSSV,True,KEEP
WSSV/VN3_WSSV_062.png,WSSV,True,KEEP
WSSV/VN3_WSSV_065.png,WSSV,True,KEEP
WSSV/VN3_WSSV_066.png,WSSV,True,KEEP
WSSV/VN3_WSSV_067.jpg,WSSV,True,KEEP
WSSV/VN3_WSSV_069.png,WSSV,True,KEEP
WSSV/VN3_WSSV_070.png,WSSV,True,KEEP
WSSV/VN3_WSSV_074.png,WSSV,True,KEEP
WSSV/VN3_WSSV_076.jpg,WSSV,True,KEEP
WSSV/VN3_WSSV_077.png,WSSV,True,KEEP
WSSV/VN3_WSSV_078.jpg,WSSV,True,KEEP
WSSV/VN3_WSSV_079.jpg,WSSV,True,KEEP
WSSV/VN3_WSSV_080.png,WSSV,True,KEEP
WSSV/VN3_WSSV_083.png,WSSV,True,KEEP
WSSV/VN3_WSSV_084.png,WSSV,True,KEEP
