class,filename,relative_path,sha256,bytes
BG,VN3_BG_001.png,BG/VN3_BG_001.png,4ba70ceb1978fc29ba053bdf0c906b8bfdfed1debb09f2e721dd48911be37bc0,149112
BG,VN3_BG_003.png,BG/VN3_BG_003.png,f3dea2dec22cfbfa9da3640388f823a3565768b3f0527a66ccbc0aced83cdf66,158509
BG,VN3_BG_004.jpg,BG/VN3_BG_004.jpg,61405ff32475028e332264f40fb8d9055c9d486336e240d5bda6ba020b9e120d,33426
BG,VN3_BG_005.png,BG/VN3_BG_005.png,c7df5d66ddf66d5b1222fdb79aa1390fa9a82d3f03d1708c21345d7c1a560f25,74051
BG,VN3_BG_006.png,BG/VN3_BG_006.png,b3f7f16542aa8d8d3106ed06ad56ac0262433ea8c929caccecfc9d5d9fd37008,79518
BG,VN3_BG_007.png,BG/VN3_BG_007.png,311f8e58f9e390fa6f988cadc4dd669c0a8a8992cd67678fabc7c98319e901d2,153985
BG,VN3_BG_008.jpg,BG/VN3_BG_008.jpg,13cab7a4c45a06fc2831527731b6e9221ccfe4180c3d46ad92db5a973eec043b,333705
BG,VN3_BG_009.png,BG/VN3_BG_009.png,22388c5879f0f5084d693439280dcf9fa7c69dd03a39083bb1f73b733114d980,138965
BG,VN3_BG_010.png,BG/VN3_BG_010.png,d2da2b2b1e7f961a12d6a2dc9ad67fca8a6b730e267c4248de00bf69b57bd3b5,211777
BG,VN3_BG_011.png,BG/VN3_BG_011.png,97ed13a560c7b56d57d300625ed0051ef37d1103c044020b031acdb854ad1266,275662
BG,VN3_BG_012.png,BG/VN3_BG_012.png,ec5b34fa11ceeb1a62643546c391d385311cddd45ae6353bcb816fe6280220b3,202270
BG,VN3_BG_013.png,BG/VN3_BG_013.png,cddccca091f361e06af82dfa50c99126522b5233593b444ace948bc6abf748c8,119404
BG,VN3_BG_014.jpg,BG/VN3_BG_014.jpg,5c2c93a07b465392343c651b1f2e50108c3f1ea1830f5564591195b12f2dcac2,25617
BG,VN3_BG_015.png,BG/VN3_BG_015.png,a220d7a866249ea0aaba8ff3dc9d4242088807a0e547d9ac965b6e511da57e88,110829
BG,VN3_BG_016.jpg,BG/VN3_BG_016.jpg,d2b8da2cac8120269acac7a85935b727948313e95b4870f36a7736ecf41458c9,251956
BG,VN3_BG_017.png,BG/VN3_BG_017.png,9cdd05b7a52ba75dbbcda90f79db8314018ced2e2251c28225fdaaaba27c4c12,312228
BG,VN3_BG_018.png,BG/VN3_BG_018.png,50b42e629cefc8e02fb1252dfbb25f8eb947f162ae26d8d175ac24d2fc5ed9a5,224232
BG,VN3_BG_019.png,BG/VN3_BG_019.png,3e7df20bc798caa6e1df5b9c596f50774ff239e4ed09e0131f381a6c79749264,356367
BG,VN3_BG_020.png,BG/VN3_BG_020.png,4ee8f0e39dd843b92a8b53c98173d8c858068765a660b0246847cbb6b21227b9,240422
BG,VN3_BG_021.png,BG/VN3_BG_021.png,1a628f0087809e59e1d1722ed14d0a66a55572e0781a9d306b4797ca606a157b,206399
BG,VN3_BG_022.png,BG/VN3_BG_022.png,cf1107a8d5b813e595892cb422b8776da58b851bec500d810fea14e454846693,144991
BG,VN3_BG_023.png,BG/VN3_BG_023.png,5aed87ff55c92c5b36a34ec3632cc8cacece046c3fc6887c0876ceb133cfe46f,238176
BG,VN3_BG_024.png,BG/VN3_BG_024.png,01f84bc77659cdf80af85e2bca288f6c7965a04655d396c1a3be9318516454ca,118289
BG,VN3_BG_025.png,BG/VN3_BG_025.png,f9e3adfe8db6897615695fcae6321e3b262ab334c277ea42f9ee2ea420cfb4fb,81443
BG,VN3_BG_026.png,BG/VN3_BG_026.png,39c8fd2929f0983aaaffeeda91f2d142efe9c72cfdb6408fcccdf97c6e3fb4c2,68735
BG,VN3_BG_027.png,BG/VN3_BG_027.png,83b47b54c152c6c6e6b1db66a84b883fcea65befaf9da72e0d3db315c4a01cb1,77768
BG,VN3_BG_028.png,BG/VN3_BG_028.png,b640a2c6c622e9cdc2281ce41974ac7fe348711039b1f9afee5119483c8a384b,40159
BG,VN3_BG_029.png,BG/VN3_BG_029.png,3e3d841bab51dccfb44e7334cc85ca46694edc663c8c08625d42048d42cd5a7c,178768
BG,VN3_BG_030.png,BG/VN3_BG_030.png,297f438a9304b05c4b21c2186900250aca81a769db793c867a3f6b629e97a573,100644
BG,VN3_BG_032.png,BG/VN3_BG_032.png,d163dddcf9e2117c3024e4f1fc538483feac4ca16438cc3c0aa3071aaa739782,229654
BG,VN3_BG_033.png,BG/VN3_BG_033.png,9cadea5834478aa3f731b3db1decb55ab2a237bc10b03dc2f96a698585c3b8d2,75575
BG,VN3_BG_034.png,BG/VN3_BG_034.png,b140e9bbc236c4d6068819462ec24e612116379fef2720a331a7031aabd068be,243251
BG,VN3_BG_035.png,BG/VN3_BG_035.png,063dd7cf2c6ead1386b6b36924ebc9d9217024c7cfcefa14e9cb50807e8af045,148802
BG,VN3_BG_036.png,BG/VN3_BG_036.png,fb25400c7ae4f2514064657bfdfa4ca830dd35f209b8bd8645c8a267b04297c8,179317
BG,VN3_BG_037.png,BG/VN3_BG_037.png,8523bffe5b9530368405eb898bd0262b2474e9e33b3279869b7471dc21f6ffa8,138592
BG,VN3_BG_038.png,BG/VN3_BG_038.png,f4cdf902e6c7ef2718afd4f5839cabc30257f574f51c32f837040ba07fcadd4b,56498
BG,VN3_BG_039.png,BG/VN3_BG_039.png,d3f6a6f703c04592113581642bd1749816fb1b5f1c02652b256781c6871ebf56,36646
BG,VN3_BG_040.png,BG/VN3_BG_040.png,7a79d263a3dd233be1f2ff862d69fd1607552cee577566f292cd47206a22e6c3,332703
BG,VN3_BG_041.png,BG/VN3_BG_041.png,867f75eb9a66ef2d871a793a882aee93d314226f1650361cedbeeaebab449c71,46933
BG,VN3_BG_042.png,BG/VN3_BG_042.png,7755ee27da005b167ad802801850879d48a5799d5e6a1f487d9bc34832ec8c71,51631
BG,VN3_BG_043.png,BG/VN3_BG_043.png,ffe8c95f76c43c4657b27e0c98890abeb85181a1c44cffec3b5a6ad6ca28a75e,49837
BG,VN3_BG_044.png,BG/VN3_BG_044.png,230370e8d3428882324bafe17a9d61d8e12b355ff9ff85a5dc7d8d169e80aed3,37907
BG,VN3_BG_045.png,BG/VN3_BG_045.png,4c8b6c6753d5e9a1e6f9e50526f5f34d511ada0bd4e0c7ee4a2e041f4670bfe9,83683
BG,VN3_BG_046.png,BG/VN3_BG_046.png,4e8359044932d4d6e376ae65617a9fbbbcc28d2e104d83d4a86a61ef5a432d56,27037
BG,VN3_BG_047.png,BG/VN3_BG_047.png,f441b3b1fc7020fdadce8a11aa62ae7928e0e532f5b7effea16945bfa60d124d,64725
BG,VN3_BG_048.png,BG/VN3_BG_048.png,f5983a38cf205061292d67d85343c30f7affe1fe4352f58dbacaf94a2d84f8c1,53647
BG,VN3_BG_049.png,BG/VN3_BG_049.png,87de3c7919d75cb94ca6d5876a5c5b604cce1f0c6865aab377a77f0ba132fc59,39270
BG,VN3_BG_050.jpg,BG/VN3_BG_050.jpg,e73eb8f962bcf4d186793db7cdb952d454361b2e08b64b44b10f046cd0251961,53402
BG,VN3_BG_051.jpg,BG/VN3_BG_051.jpg,ac9bebd5c1ce19ebee23f4bbc54e99bda01be81a50b6fc0f1b543c83334b6202,189657
BG,VN3_BG_052.jpg,BG/VN3_BG_052.jpg,b5b284c7e94adf6b1bafaad7f09d1eb610268893a5064ee0d260365ea17c737a,140549
Healthy,VN3_Healthy_001.png,Healthy/VN3_Healthy_001.png,611b3d71d6d17277afee9ffb7600103b81e476ddf0ad927785ab80b15ee0fc3d,309585
Healthy,VN3_Healthy_003.jpg,Healthy/VN3_Healthy_003.jpg,8c5648ce440dda4bc0fb663c902449454c41e4dc16279acc93e853c9ff54de16,158110
Healthy,VN3_Healthy_005.png,Healthy/VN3_Healthy_005.png,522a37c87e0096587f7bab5dcc33b5ed6eaedb6f3b68498db561993a02691b0e,33925
Healthy,VN3_Healthy_006.png,Healthy/VN3_Healthy_006.png,19457473cf208df90218d0f84267c2fb820c63f6777014f45217e13921a71bad,101397
Healthy,VN3_Healthy_007.png,Healthy/VN3_Healthy_007.png,ba432ca27fa3d628a69502face6e63448fdb6408dcbe004373ad83bbda5dd7fd,203695
Healthy,VN3_Healthy_008.png,Healthy/VN3_Healthy_008.png,a769794277928110ad40dd1d165068bb36f0247af5f84e90dba50c930029d163,357120
Healthy,VN3_Healthy_010.jpg,Healthy/VN3_Healthy_010.jpg,c427c4ca4cc714e9fbb0ed6ef66cbb0eea80717afc997d3901f4495bfc31c2fd,67108
Healthy,VN3_Healthy_011.png,Healthy/VN3_Healthy_011.png,610c6229f58d54113e7207657fadd3e7c55fd35b19663a4481b090d1ae49ad0a,277647
Healthy,VN3_Healthy_012.jpg,Healthy/VN3_Healthy_012.jpg,dae248a3acd4ae8efdd8ebfc2d56f83fdd98a470a306e2414aac83a7492ed6db,240235
Healthy,VN3_Healthy_013.png,Healthy/VN3_Healthy_013.png,84a6aab3d075bcd04200032c6b7b118fa177523586f24c990011f9e86d983a08,107616
Healthy,VN3_Healthy_014.png,Healthy/VN3_Healthy_014.png,aabe26c6614b75cca991818af973285645f0e9b13c35b891741a3e7825dd582e,317829
Healthy,VN3_Healthy_015.jpg,Healthy/VN3_Healthy_015.jpg,d474b3158721755807a027929f352a8c0f8d8b6b5cfb105f7277bb8de63fb938,181462
Healthy,VN3_Healthy_021.png,Healthy/VN3_Healthy_021.png,53646ec179cf68118fcf97cc1406fb9793544248de456b94a78441403f0cef37,88196
Healthy,VN3_Healthy_022.png,Healthy/VN3_Healthy_022.png,4fe41408129d96cc08de36a323785e0d47f64e57b4c8e485ca1e501e61d5ac11,79313
Healthy,VN3_Healthy_023.jpg,Healthy/VN3_Healthy_023.jpg,8f46682e0e073c898ce9a514ccad6084261ba88750909ce616241dc6fc549169,13528
Healthy,VN3_Healthy_025.jpg,Healthy/VN3_Healthy_025.jpg,eb6affdecc8f44a5d34f2b59a5a4403d875c99b1b86c5f24d74f3404244a5101,254261
Healthy,VN3_Healthy_026.jpg,Healthy/VN3_Healthy_026.jpg,0f8872c1e9554cf7a8b0294f80ab63976ed2d0d1d2e3ebb3f9015550d932d336,61219
Healthy,VN3_Healthy_027.jpg,Healthy/VN3_Healthy_027.jpg,ce7a7d947fe9d2c987ddcbb22bea6ff9a6cf23a8bf31258fd470f7bb574651fa,63367
Healthy,VN3_Healthy_028.png,Healthy/VN3_Healthy_028.png,ab5444ca79b6ce66b760c61e96deb2952c2c2d3632a16880444344dc9322c98e,106899
Healthy,VN3_Healthy_029.png,Healthy/VN3_Healthy_029.png,5bf906b4f4229845827f07f039610f612dc31a1b34a001d346884ed945ce6251,365122
Healthy,VN3_Healthy_030.png,Healthy/VN3_Healthy_030.png,d9c90098088ec9d51d80cd5a53ce26832da2a33f4b1f4a267e5969b0023093b4,205921
Healthy,VN3_Healthy_031.png,Healthy/VN3_Healthy_031.png,0cd19793a6c0c6b0c44dc5cb85cedda27666d3836cc5369506cf092e06fdec17,425859
Healthy,VN3_Healthy_032.jpg,Healthy/VN3_Healthy_032.jpg,e208f0beddd57c9d1b5fb4e5702031681fc4b7928fca534ce4d0b388d32e9590,62496
Healthy,VN3_Healthy_033.png,Healthy/VN3_Healthy_033.png,2e4a8fc5e44d91fc39368110ddd5fe540ba7b9b4479e271463ae48b58df5c12d,374573
Healthy,VN3_Healthy_035.jpg,Healthy/VN3_Healthy_035.jpg,feeded2286dcf4423f3740b0457493b531a2f549cf2a70154dfb345e87d9187f,101303
Healthy,VN3_Healthy_037.png,Healthy/VN3_Healthy_037.png,bb2f0afd6395a6dfc5c51c4ccdb3ce442caff8658d614484ac92498887c9d5f0,451541
Healthy,VN3_Healthy_038.jpg,Healthy/VN3_Healthy_038.jpg,6661319d275228d504204b0bd4a7cfa30d0b4562ca257500aba58d7dff49f82c,43243
Healthy,VN3_Healthy_039.png,Healthy/VN3_Healthy_039.png,c69344123223665b08a79618577760bd6b74083fd72cf3676026840f13c577a9,272618
Healthy,VN3_Healthy_040.png,Healthy/VN3_Healthy_040.png,aec71b418db14f484c23d9565aa2a879db54a609bf20cab295523dcdee5e866e,394378
Healthy,VN3_Healthy_041.jpg,Healthy/VN3_Healthy_041.jpg,423bbc8a3b05edc3d6a18e89a43dc2f0646f4ff7143beb7d3f51235d1d4e9267,50273
Healthy,VN3_Healthy_042.png,Healthy/VN3_Healthy_042.png,224d183ab3940f8313c25874855314f170c40ca4eb1f97dd07d102d6c0e52e48,155396
Healthy,VN3_Healthy_044.jpg,Healthy/VN3_Healthy_044.jpg,2c208f9f93484fa08771cd90856d0237f23dc97913d21bf3ceb90493437085ea,86935
Healthy,VN3_Healthy_045.png,Healthy/VN3_Healthy_045.png,7e0c804587f0aa7116968d7c3c467a598165736387bda3f9969dbec8d0da5ab3,57000
Healthy,VN3_Healthy_046.jpg,Healthy/VN3_Healthy_046.jpg,d93f6af90afbb9bb79cb7772cf8a556f7af9a468eaf801fb8eefa701a4e3585e,7014
Healthy,VN3_Healthy_048.png,Healthy/VN3_Healthy_048.png,2f35eec21752b7624664db989a70f847d4302c6062c728fafe5c79eb7df05852,328422
Healthy,VN3_Healthy_049.jpg,Healthy/VN3_Healthy_049.jpg,44b0709c3fb2218421d71ea741acbcbc5320a1efb114a685a086160666aa9989,126383
Healthy,VN3_Healthy_050.jpg,Healthy/VN3_Healthy_050.jpg,389fb40dc705a363830e27a043de3888f4930c1c7d37492d6e4dc54a5afaa43f,112959
Healthy,VN3_Healthy_051.jpg,Healthy/VN3_Healthy_051.jpg,5c285124906b8bbcc35bf74ac06ff131d2a76178063bb48715aced8facc6e226,118911
Healthy,VN3_Healthy_053.jpg,Healthy/VN3_Healthy_053.jpg,95855d5841e50bb8789a804f081947f4da5b243dc58eccdde21f3b226c30e96d,81022
Healthy,VN3_Healthy_054.jpg,Healthy/VN3_Healthy_054.jpg,2d16a660900f999abff1b4c12bba450e940d548b29b3a3f25324226a6ef783ff,50060
Healthy,VN3_Healthy_055.jpg,Healthy/VN3_Healthy_055.jpg,5caafcffea7c0e4b34e621af9b9525e8bb57af61485b3da72e2c441ffcd61f77,36610
Healthy,VN3_Healthy_056.jpg,Healthy/VN3_Healthy_056.jpg,c0ec075ffc7a6f909ba52b3797b78346a69c76837d635a6203bdb17ee7878df2,58948
Healthy,VN3_Healthy_057.jpg,Healthy/VN3_Healthy_057.jpg,9a3190f9638079c06babadbc45456adbb1da8200596c3b94a2879b12532a38af,34013
Healthy,VN3_Healthy_058.png,Healthy/VN3_Healthy_058.png,389135a4802b171ad77f401f5716d1624f0618638d6fd69601bba7032d17ff33,72088
Healthy,VN3_Healthy_059.jpg,Healthy/VN3_Healthy_059.jpg,7d26ba614079c096b981ab92be72348d9d21f2e2c98a740ff8400156f54b98c2,89446
Healthy,VN3_Healthy_060.jpg,Healthy/VN3_Healthy_060.jpg,aa4f0bde997c9547c73d98ca1a2bc6f270d0cb408829174ba8c49f3f6353766d,421143
Healthy,VN3_Healthy_061.jpg,Healthy/VN3_Healthy_061.jpg,77ce1919b06dfefc3db3dc49760bf46f6c3463ab2587aeeac75b1bfa92a9280a,54683
Healthy,VN3_Healthy_062.jpg,Healthy/VN3_Healthy_062.jpg,59e4102336c12aeb4593b53856fe5e0fecc8e0db89c54378dfbcef9a89f48b26,124731
Healthy,VN3_Healthy_063.png,Healthy/VN3_Healthy_063.png,1b712f212c106a2e29b1fc2c3682162ea25dc79f39d938d62c988175d931cbd5,344443
Healthy,VN3_Healthy_064.png,Healthy/VN3_Healthy_064.png,3dd1921b7293566ea219c908fc8cac9b3e199b866dd30aed8935f11d1d4aa66b,181449
WSSV,VN3_WSSV_002.png,WSSV/VN3_WSSV_002.png,7d60dad7cef75c72fc854bbfdb4d2a3a629d9e10ab7f412a34b144526e7ca55b,75790
WSSV,VN3_WSSV_003.png,WSSV/VN3_WSSV_003.png,8f47912b981a1e51af41bcdb558f974bb86f2b39cfc0dd8de7fdba6cce12e561,45991
WSSV,VN3_WSSV_004.png,WSSV/VN3_WSSV_004.png,f4b24d54f2d093c343c67d4e0674fcceaddc0d9b48655673979ef2694e0b1646,30352
WSSV,VN3_WSSV_005.png,WSSV/VN3_WSSV_005.png,da6123413b7253c48fc25859f5c8849a61738077230f1611b91786060838a82b,47617
WSSV,VN3_WSSV_007.jpg,WSSV/VN3_WSSV_007.jpg,0fcac206ff269d67ef2df3a91b34fd2ad459de9729d7054ffe63fcfd716be0e5,35421
WSSV,VN3_WSSV_009.png,WSSV/VN3_WSSV_009.png,70605d0d77f62141e011574e7580c7e6ab5f8ee537b1e962b2a0db5dbaf60e6f,150563
WSSV,VN3_WSSV_010.png,WSSV/VN3_WSSV_010.png,32960bc21087b1dda07a55108d50cdc599a133e2c2c776c3594ed9470a1f2e3b,296949
WSSV,VN3_WSSV_013.jpg,WSSV/VN3_WSSV_013.jpg,69567ed955590b6c82b2f91cb0c6f7a10bd4b0d35b4ff9d923fa1f5d7ea14691,64647
WSSV,VN3_WSSV_014.png,WSSV/VN3_WSSV_014.png,5a9dbb71ed72884a0120f81e8887f910af56fdad12a14d6e47b23260e4f52dcf,369319
WSSV,VN3_WSSV_016.jpg,WSSV/VN3_WSSV_016.jpg,3d4a6e76e3ffcc6eadc523e449705576f0a1c50ad5bb03511f1960298aa6313f,86460
WSSV,VN3_WSSV_017.jpg,WSSV/VN3_WSSV_017.jpg,c58cc5548425e3549d5b3675a8bec428082286839a3da3b2396a562dd76b4ce4,48725
WSSV,VN3_WSSV_018.png,WSSV/VN3_WSSV_018.png,d0381db3153ad67c060a941a2b7872a84bfde48ecea87abbef4d66f1a15ee96f,201525
WSSV,VN3_WSSV_021.png,WSSV/VN3_WSSV_021.png,239b5bc9c66c82adb867527afd1e7185d3e8c62243f3841ed41414e8b74da408,315849
WSSV,VN3_WSSV_022.png,WSSV/VN3_WSSV_022.png,453bfc68c0bea90ed972f394c30b9365447e0a9dcc9ebccac2d5006c4c2e1e21,245327
WSSV,VN3_WSSV_024.jpg,WSSV/VN3_WSSV_024.jpg,199707b458e1fd7dd5db1df1a258c899fb81b69e2fe50ae3ee23cc0fdd954164,36211
WSSV,VN3_WSSV_027.jpg,WSSV/VN3_WSSV_027.jpg,99d08a0e46547a32a2fa0979f6daa9c906f183184933d9d5339c76e0547770a6,75599
WSSV,VN3_WSSV_028.png,WSSV/VN3_WSSV_028.png,a94843a74b4456a364da28a4d83581f5ad62214a8354f8a889605d9126cd6077,28621
WSSV,VN3_WSSV_029.png,WSSV/VN3_WSSV_029.png,4a9c0684614597734ae1568608e5392588bcbcf9e837a4309348cd4ffa87a3ce,27303
WSSV,VN3_WSSV_033.jpg,WSSV/VN3_WSSV_033.jpg,a688787fe5a2a89e55ac07861fc97070b213d24bd3e87ab5e3b320549aac7295,63172
WSSV,VN3_WSSV_035.png,WSSV/VN3_WSSV_035.png,aab1878499103679bb350218323ca8e85a881d3fca69e19234d6441228fef7b1,109374
WSSV,VN3_WSSV_039.png,WSSV/VN3_WSSV_039.png,fa0001c2dde4b0f2752527d1c413a7379f212d9a1fef062bce62928497fe0d95,37574
WSSV,VN3_WSSV_040.png,WSSV/VN3_WSSV_040.png,7db579b736b790e624d37dcc67332046c86b7aebcaf2364017861963917ed94a,75695
WSSV,VN3_WSSV_043.jpg,WSSV/VN3_WSSV_043.jpg,90f33c82de8416157bc8d94c26b3723e5fbbe605f693edef514c94970e65478d,14705
WSSV,VN3_WSSV_044.png,WSSV/VN3_WSSV_044.png,b5d1f058159114ce8554bad8fa1827e62b0159ad516d20a10a1d4877aebf76ee,109293
WSSV,VN3_WSSV_045.png,WSSV/VN3_WSSV_045.png,976bf525423521227db85079edb127704b80c99a297434ba27c8d9bc38631648,86898
WSSV,VN3_WSSV_046.png,WSSV/VN3_WSSV_046.png,694bb7fd62a4091ba3c1ed35f694a93d3af325be704caddb33c0676e5ddf1d88,332253
WSSV,VN3_WSSV_048.png,WSSV/VN3_WSSV_048.png,6dd7bf7ba06357148f93e21f6d27f1164fb2226f7a67ca9408888897afd3c6b3,106404
WSSV,VN3_WSSV_050.png,WSSV/VN3_WSSV_050.png,638fa1786c61c6d005d76c9bb11d800f43b36c5193e3e89d844b6127eabfab1d,253434
WSSV,VN3_WSSV_051.png,WSSV/VN3_WSSV_051.png,6f4f33e1f3a16babe688b10fff86b224fdb06352a080bd08c8bc5591ec3f3f63,92127
WSSV,VN3_WSSV_053.jpg,WSSV/VN3_WSSV_053.jpg,85ce0327c70131dac50d1331ca418f1d7153215fa14266de935f7a66fbef84cf,31251
WSSV,VN3_WSSV_054.png,WSSV/VN3_WSSV_054.png,f9b098f016ac1863fbf4eb97639f59ef11feb13bda2616f73b3db3d885b1c4e2,218831
WSSV,VN3_WSSV_055.jpg,WSSV/VN3_WSSV_055.jpg,78301058fdaabd1a39d3b3c034435984f115b3c7015e20664cd507ebdbd4a08e,160551
WSSV,VN3_WSSV_057.jpg,WSSV/VN3_WSSV_057.jpg,15e56f62d40b22603a40676ee564a543d62d984ba07dabe178ab577745bb705d,58647
WSSV,VN3_WSSV_059.jpg,WSSV/VN3_WSSV_059.jpg,ee24bd550a40b633cebd4f4ac8f47238f7875e0a96d7ccc39af0cf6e8e344892,38843
WSSV,VN3_WSSV_060.png,WSSV/VN3_WSSV_060.png,58846e9b19ce1fd2c7217a01b145061c3243c6b3b085c087b426795139212483,56048
WSSV,VN3_WSSV_061.png,WSSV/VN3_WSSV_061.png,16111ef2c4f0858b1d3f344976de4c93245cb19c2f4875e101bda4f9c92489a1,264235
WSSV,VN3_WSSV_062.png,WSSV/VN3_WSSV_062.png,50349d7284e1d0d796b187605b018554798754e75b9cbcae5f3e86fdd9f00f50,343905
WSSV,VN3_WSSV_065.png,WSSV/VN3_WSSV_065.png,26a379d63b5234d08a4c58f67c8fb77ea6d5a4c57013c3b9253ee61491e947a4,86558
WSSV,VN3_WSSV_066.png,WSSV/VN3_WSSV_066.png,029ba0fe938e98dcf6b29c7152b6ac51910cec28531cef8ab08a47bf51fb10c9,163682
WSSV,VN3_WSSV_067.jpg,WSSV/VN3_WSSV_067.jpg,80728fd2d1c8f16677e1da1ddb2f42d56d4da0972878d71ecaf7737dbb6c058f,71116
WSSV,VN3_WSSV_069.png,WSSV/VN3_WSSV_069.png,86cd545e3847e1c0b6cd35f208fc06d41d8e5b838f2a869cf3622a62f312c4a9,317688
WSSV,VN3_WSSV_070.png,WSSV/VN3_WSSV_070.png,619dcad8586ee196000808ce70e984e4d00e2686e0f9550c559208960ba324bf,123564
WSSV,VN3_WSSV_074.png,WSSV/VN3_WSSV_074.png,ae3ccc802f2a309dd3dbca245cf6a563ca88129660652f4d90286fe8d6f08d80,250640
WSSV,VN3_WSSV_076.jpg,WSSV/VN3_WSSV_076.jpg,a5deac339f11b381126716acf6f0b603e814b9c09f4f101b15517408e4ce0500,95943
WSSV,VN3_WSSV_077.png,WSSV/VN3_WSSV_077.png,d183ea993908305b1d5701a7243985bf157b97b0eded737d937ce70355083ac9,642364
WSSV,VN3_WSSV_078.jpg,WSSV/VN3_WSSV_078.jpg,fa444ee71b9b97b1347197b379f55ed6c852d8e139fd9ef22c937a72331174ce,15034
WSSV,VN3_WSSV_079.jpg,WSSV/VN3_WSSV_079.jpg,4c8aeb0dcd9e9949edd823e37a8dc7ffa0287a4b7277e07a2b747587fcb61f8d,26028
WSSV,VN3_WSSV_080.png,WSSV/VN3_WSSV_080.png,ae6e606f2b3552a596ef5476dc4c49e1572c0d301fa6895d950781f567354e27,84260
WSSV,VN3_WSSV_083.png,WSSV/VN3_WSSV_083.png,a05d55563de7de21a63b2697801b71d338663d9e378f93859fb6d8888ce3e02d,288928
WSSV,VN3_WSSV_084.png,WSSV/VN3_WSSV_084.png,51513ce8f181e70b46496b7e04863a49cf7a40a703d4fa52e7d8b5336e5e546d,412674
