relative_path,sha256,size_bytes
.gitignore,48507338ad2170648726d54b4e18034b20d1421a9be6154b52f0eb41f1954258,543
CITATION.cff,fc4073bb096851aec6777bda736410e367ec30c0617f25a89e92d8503d9f1967,610
README.md,c04df231dd932ce6f369c1b4e6eb1201fb1d4fdf49f237a189cad6a6bcd8dc96,5321
docs/DATASETS.md,3722f152b9f6a0053a70c27dca24cfdd51f38e6c8a0690021477cc221cd3dee2,2277
docs/FROZEN_PROTOCOL.md,8b4f12b9983e9085e2650a63e1f3ec284b40e6ea80643e6c77c73a0c2557049b,1095
docs/GITHUB_UPLOAD_GUIDE.md,5d3089338cec595457f2f597df6965825dc3c0d91a8c6779560b46a8d1c3c2e8,986
docs/REPRODUCIBILITY.md,74e94781f7aea06c902b923ae1bce62ac8c6132034b8d35ed8fb16605f8059f7,3173
experiments/checkpoint_regeneration/FROZEN_PROTOCOL_ORIGINAL.md,eca46ac05c4764c565f38aeda9473d220a6fd316535cb53f7eaba01ef628cae7,1215
experiments/checkpoint_regeneration/HUONG_DAN_KAGGLE_VI.md,7aa3137c7c23c106dd2a2c57b545aca34507405cbdc9afde3d111a3f2e81f1a8,2454
experiments/checkpoint_regeneration/KAGGLE_ONE_CELL_BUILD_FINAL_BUNDLE.txt,f0070f9e7d1dd6b501ea8af60238777b348ee7b99edecec825319f95169e438a,1645
experiments/checkpoint_regeneration/KAGGLE_ONE_CELL_INVENTORY_ONLY.txt,c12c6f6b3ad441b332ae7a148bce682b8ffc0ab7380df74da3f78ed1ebf2294c,1612
experiments/checkpoint_regeneration/KAGGLE_ONE_CELL_REGENERATE.txt,cf2c492e99d64eaaa1a886bf47dd1f76aa9c208a5177d613d7cef9b0fb20041d,1625
experiments/checkpoint_regeneration/LOCKED_DATASET3_POLICY.md,d255843c3f6285c1595a38c6dbe967deeacc4652508ca3be573429f1a939bdaa,473
experiments/checkpoint_regeneration/PACKAGE_INFO.json,89d8b65110ac5aea9c75df8518627470e005183582d9a5da5e67a733e82c4090,289
experiments/checkpoint_regeneration/README_KAGGLE.md,78997bbc2fbc043634e8634c96613b078136afb59580c386bbc44ac2652601f8,1134
experiments/checkpoint_regeneration/REGENERATION_PROTOCOL.md,6765e66e43c70f1fe3a67190668b8e0c7fa2408bedd580e536d7a1498c706651,1621
experiments/checkpoint_regeneration/VALIDATION_REPORT.md,da9489aba0a54487b1ecbee7ba2afcc1d205888561bbab1ca37267a0cf7dd516,1826
experiments/dataset3_external_test/FINAL_EXTERNAL_TEST_POLICY.md,e393ce571df4efb273e6597ee7295ffde5685582ac8deef287d436d29e582e24,360
experiments/dataset3_external_test/HUONG_DAN_KAGGLE_VI.md,53a7561b79f2c13449b35917cb425b6dee73659c89fb455cf9bcb931c4e31c50,2239
experiments/dataset3_external_test/KAGGLE_ONE_CELL_EXTERNAL_EVAL.txt,58f20d83dc3055723fb5c313c15c44d49ce602f3dad0104dc6527a61e0ea4a7b,607
experiments/dataset3_external_test/KAGGLE_ONE_CELL_INVENTORY_ONLY.txt,f363a06b010c046c4d36f24e0555163de8d36239ce2daa10939aa2825c625c06,368
experiments/dataset3_external_test/PACKAGE_INFO.json,93bd4c08dc67e53fc2572055581ca917ff1e16292f0f00e4b5f8579f1c94b56e,526
experiments/dataset3_external_test/README_KAGGLE.md,c91e14e21870642eb6360c571fc5f77e1cc5091bf3e8d007df22f2657dfec964,1302
experiments/dataset3_external_test/REQUIRED_FROZEN_MODELS.csv,5740ca27b7726226986f499424440e083b6179ac20652d1ff778d37cf396848d,3267
experiments/dataset3_external_test/VALIDATION_REPORT.md,02729703dab968c7f8ee92395c39c2aacd2e3a1950e284baefc384efa4b00662,438
experiments/formal_eval/CHANGELOG_FROZEN_EVAL.md,d9c10775cc5a0f06ad50fe636a8e423cd71013357c3fbdb318a5e28865dd954c,411
experiments/formal_eval/EXPERIMENT_MATRIX.md,861331407d17039418108fe7b26674534d58c5478f59fb2b5b67d484c0d12c71,1213
experiments/formal_eval/FROZEN_PROTOCOL_ORIGINAL.md,eca46ac05c4764c565f38aeda9473d220a6fd316535cb53f7eaba01ef628cae7,1215
experiments/formal_eval/HUONG_DAN_KAGGLE_VI.md,49c4ca2fd49ff9dbc734d4c2c73fc13814522bfa183931945868717802313fc0,1534
experiments/formal_eval/KAGGLE_ONE_CELL_BATCH_A.txt,cb04aa6a6ba339eb7653441b95fd83d406ff7242f5838d846620cd44e3490f53,1987
experiments/formal_eval/KAGGLE_ONE_CELL_BATCH_B.txt,7b1cafc9ff6dd55f8259bd7c8d3bc84dd0f74eae16b5f8f38648fe76deaa50c9,1987
experiments/formal_eval/LOCKED_DATASET3_POLICY.md,4809e8889630a00761d5b54fd502984e626d68f0d279e7c10b75f1d9fbb99a82,463
experiments/formal_eval/PACKAGE_INFO.json,9db62d9ac4e925977570c5e71121a2b0c87b1b226c5bdce8ba859749f2266fce,456
experiments/formal_eval/PATCH_NOTE_BASELINE_IMPORT_FIX.md,0503e54f97cc887a86f26f3ef248e5296454c5665757c687189f475c2d0f3a2e,569
experiments/formal_eval/README_KAGGLE.md,134af8e40dd9d2a3897c0f522bf692ec21ce4d29ff892218d320141de519b231,571
experiments/formal_eval/VALIDATION_REPORT.md,eb180ce40d660a427cd9ac627d0c8690f53bf2232d8503a3176c6fb59c50b096,1044
manifests/DIRECT_CHECKPOINT_LAYOUT.csv,11cf4ad650d16d028ebce183e3ea1e39a72cd2e046d003c94b6cd43ce3af28fc,3220
manifests/FROZEN_MANIFEST.json,0538ec3b68fc1ec8aeb4ac5d0f2f765e97953632efe1e509e68f5bdae3ffc2bd,2558
manifests/REGENERATION_MANIFEST.json,1b8684153e89bdd3ea145c81692c007032d93e0240ab95d92809bef2e03a1a7a,2515
manifests/REQUIRED_FROZEN_MODELS.csv,6a7506dc414642dfa2e36ec0f65ea4b015376e8a7384074dd6de481f2c889a0a,3267
manifests/dataset1_dataset2/audit_excluded_target_records.json,ce739dec4c6f46883ce4f2dd50e7b92e381f52573d5b5f1bb28215b9330caa23,1709
manifests/dataset1_dataset2/excluded_reason_summary.csv,f282d6c7cabecec64dacfa4295acf1c5990ec7f82c5b7cc7b0afd5d54dbbb853,304
manifests/dataset1_dataset2/manifest_final.csv,529ac7f5078bc1dc7c434173951ebf9e31de6ce451630af213bbdfa665f91876,1282791
manifests/dataset1_dataset2/source_test_final.csv,a4f9e398d80bf14fda5815b0bd611ff47feb5eec36562da1dca4d2dc420ef711,86865
manifests/dataset1_dataset2/source_train_final.csv,2e8f80a169b5eadd5ef59e9e9346f96f1f1d9236f6eb3adc9bc9b065d2d5b4a0,420285
manifests/dataset1_dataset2/source_val_final.csv,1c2aa3f3756bb653f723e822a1844617d851585ded7d65f6cb29256478dc7803,88404
manifests/dataset1_dataset2/target_adapt_final.csv,f5ff4cd678c0deffc7c0ffd469689698059b652d51ee7568f5fc772da5a62917,277387
manifests/dataset1_dataset2/target_dev_exposed.csv,26c3ff4fa7c5d9a67e5365cb166ebac9d68fcb334fae6d7b3d9e97ae0b8fb959,120792
manifests/dataset3/DATASET3_LOCK_MANIFEST.csv,d42febf3efe1af7aa9359f351708e57ea1d4e604272d6269d9f540f6bfb75662,17722
manifests/dataset3/PRIMARY_ENDPOINT_LOCK.json,eebc9abbae0b41784377d31ecef55426fd49bda982d26873a251e3aa3ee7af98,1398
manifests/dataset3_dedup/dataset3_clean_keep_list.csv,72fa17c8fb7fc4f9be8d5c920a741e5f743c45dbcb66e331c8b2a67d4f45e2ef,5884
manifests/dataset3_dedup/dataset3_images_to_exclude.csv,35b2dac70aedd4df499a58419efb996a2159e68ba28bdec103868fbab74c47dd,82
manifests/dataset3_dedup/duplicate_pairs_all.csv,5df7f91992b52e70de685df19d75b6aedf4373807d5cb40a109603d5c418afff,406
manifests/dataset3_dedup/duplicate_pairs_high_confidence.csv,71ad416e5cceaede7d898926079f57fab6a601c7a0916b96ae11e42819f60f5c,245
manifests/dataset3_dedup/duplicate_pairs_manual_review.csv,71ad416e5cceaede7d898926079f57fab6a601c7a0916b96ae11e42819f60f5c,245
manifests/dataset3_dedup/summary.txt,af8cc3ee78786ca54dfb44dbfebe4bbdc53c17c591193f055f859b2bcd7b929c,760
notebooks/01_Frozen_Baselines_Batch_A_Kaggle.ipynb,7f1d89461fd671cace073abc44eccb6cbff930d5c5e55953feb19178e76ce6f9,3127
notebooks/02_Frozen_Full_Ablations_Batch_B_Kaggle.ipynb,8305ed894c3a4a09b52038c5f76881c0f9ee8a79bb36010d0b61c914667e3349,3127
notebooks/03_Regenerate_Frozen_45_Models_Kaggle.ipynb,a018cec12102a2a6c8ab4aea8a31942ee7527a73bcf041f043498d76ab0d0b59,6561
notebooks/04_Dataset3_External_Eval_Kaggle.ipynb,0af64352706bc44d7c294c0fb8cdada5a3c8205924df89bb67b5a67830387fdf,2033
ontology/ShrimpOntology.owl,51b218118e051f4adb46b6ac92326ec25abae1af7bff00646cd484cdd9b81ccd,219485
provenance/PACKAGE_INVENTORY.md,ac40362045be8d704c0c7662fe10bdb79649333e7c43daba85e0e94e0c6c9e1a,398
provenance/README.md,ed0fdc8911cf29329132548d5d13348e5c5aa707f0fe40d2d490692f2f448509,400
provenance/SOURCE_ARCHIVES_SHA256.csv,6a0914d58b6071b77b43e7382a220e009542a7219f6edb2ccd5af9519811f68e,650
requirements.txt,c2d807c8b199dafe3bd4b3e758b54aa932d1d43a52de033337f31cd1c61c8c6e,58
results/development/formal_45_runs/FROZEN_MANIFEST.json,0538ec3b68fc1ec8aeb4ac5d0f2f765e97953632efe1e509e68f5bdae3ffc2bd,2558
results/development/formal_45_runs/results/ccda_no_ontology/seed_123/history.csv,bec10e8ea2fd4c9e081d1ed4915dff27af82dcd36c8905ff3b3af86acc2fef14,2665
results/development/formal_45_runs/results/ccda_no_ontology/seed_123/metrics.json,22ea5a623bb6e48453797bc8c9dfad5ba3800ee701d9759633969fbd170908e1,4289
results/development/formal_45_runs/results/ccda_no_ontology/seed_2026/history.csv,eefeb79f23203ba80cee64b6cba55ec24a0faa042718fa3bed0c48d8dcf8b100,2621
results/development/formal_45_runs/results/ccda_no_ontology/seed_2026/metrics.json,f663c915bd3a1d23783c5ab297b14742e5cdcb4d9145f8ebf1512e8821e62f95,4293
results/development/formal_45_runs/results/ccda_no_ontology/seed_3407/history.csv,fe322e4b08cdeac3f57f54362a5d586cd77e17044a9873998c25939e4af3fc69,2592
results/development/formal_45_runs/results/ccda_no_ontology/seed_3407/metrics.json,036e62bbaf3864499c5ffdf934dbfbfc01ad1864bf9e620e77f279a92d12a4fb,4255
results/development/formal_45_runs/results/ccda_no_ontology/seed_42/history.csv,0728addb35bf12880874f83ab783c706700330d3a07ebee823c4fb1aaf93aba4,2649
results/development/formal_45_runs/results/ccda_no_ontology/seed_42/metrics.json,41fe858836512d0e56116a86798629739102ecc42746f76541ed2633ca316620,4276
results/development/formal_45_runs/results/ccda_no_ontology/seed_7777/history.csv,ceec2e197fbd0000a9398434f6e6f62a71c5293635f67e2092f3638865646536,2673
results/development/formal_45_runs/results/ccda_no_ontology/seed_7777/metrics.json,25486f8bafc68d01e3ebd4845d9853bcb64e4c0b280750d17c5316fa1a26da91,4236
results/development/formal_45_runs/results/coral/seed_123/history.csv,d6223f43898fc3d82de7b5ffd271a9ead4cfa46073d1dc5d95a1c5664869fa67,1416
results/development/formal_45_runs/results/coral/seed_123/metrics.json,0d42d18243c693cd46e0ff2864672a7e6aadd921f569bb69b56a370715ea050d,4242
results/development/formal_45_runs/results/coral/seed_2026/history.csv,6f66ce76756635d16954c15fc12025bfed046133cdec74578044178826d36e6d,1433
results/development/formal_45_runs/results/coral/seed_2026/metrics.json,c9b01b7658ee6d66d5f9710448d3e9f72183f5c45cebff21256dd3df44009af0,4215
results/development/formal_45_runs/results/coral/seed_3407/history.csv,056014cc466da47c5715bdfc1b79fdf5e2135583d4474bc40fd2c01f1cdfd578,1430
results/development/formal_45_runs/results/coral/seed_3407/metrics.json,79b366d8f231b3bac0b3ab50549e6ee5facea29c6f0a2a8f9f097883fa6ce0f6,4225
results/development/formal_45_runs/results/coral/seed_42/history.csv,7a651e9820f361e91b7615a60da4eeb5d202ae008ed22e33b65a032f69667719,1428
results/development/formal_45_runs/results/coral/seed_42/metrics.json,bac8618cf6e0f1a955720529a26391a31d9d6e10fe39e472db83be26c381100f,4195
results/development/formal_45_runs/results/coral/seed_7777/history.csv,fd03cd720e49ce4039a5e7993eb4efe6c64644bf5ddc0f6ada36ba088f45a481,1430
results/development/formal_45_runs/results/coral/seed_7777/metrics.json,7f22e056c935d682cab10887d2417846f4aa314c706168eaae472fd831938c3a,4245
results/development/formal_45_runs/results/full_ocrda/aggregate_metrics_v7_4_4.json,fb7f5f42681287d3082226e0b795adfed8fbb3522a9dd4f24dfb042cbe22ce37,13664
results/development/formal_45_runs/results/full_ocrda/ontology_graph_summary_v7_4_4.json,d098cad257402f1dad4bfbf94c1d74a22a410f17f248a6bd94ec5824f1cb2bec,2782
results/development/formal_45_runs/results/full_ocrda/seed_123/history_v7_4_4.csv,65f600e898813877199fe92d147f48fec03b2f30eb1f10045c2f11c8b5be12c1,36603
results/development/formal_45_runs/results/full_ocrda/seed_123/metrics_v7_4_4.json,7fdaf9e44ba8a11bd0e18a7ad3ba1561edc8663c73d4b04078d56873c6cf7708,11951
results/development/formal_45_runs/results/full_ocrda/seed_123/pseudo_diagnostics_history_v7_4_4.csv,24503b12ba8f81266d2b821acc6a8845ca0ec2c52c900b822bbb8d34532de249,41639
results/development/formal_45_runs/results/full_ocrda/seed_123/target_adapt_tri_consensus_snapshot_best_v7_4_4.csv,801081c1c85aa6ccac47a034ec46277c9f3b612353e20e2f9ef4914b30ee0740,144279
results/development/formal_45_runs/results/full_ocrda/seed_123/target_dev_predictions_v7_4_4.csv,fb2765fd5032be3306ac778137b489f59aeb420bc35b6e34cb61d61395fdbe1f,21265
results/development/formal_45_runs/results/full_ocrda/seed_2026/history_v7_4_4.csv,a02ca2591ed700a58406802932d38939b43296dd99c18a7b713ce8708c61f978,36840
results/development/formal_45_runs/results/full_ocrda/seed_2026/metrics_v7_4_4.json,91dde2294e192e944e6d239d1af7e6152f62090f250d5d94ab05f0ed8351806d,11975
results/development/formal_45_runs/results/full_ocrda/seed_2026/pseudo_diagnostics_history_v7_4_4.csv,5a683476004f313cd82071e7a340233b780b89bc774ed81d6d93412fbf336359,42840
results/development/formal_45_runs/results/full_ocrda/seed_2026/target_adapt_tri_consensus_snapshot_best_v7_4_4.csv,5b3a548495101890e5151bc5dac720b22eff39c0c2c5d32f0c2a7a8ea3bcb9d9,143666
results/development/formal_45_runs/results/full_ocrda/seed_2026/target_dev_predictions_v7_4_4.csv,9ac183a706da0f162ba85475eafa0bf561b64fa8e94750707aff9cd8c84bb2a2,21272
results/development/formal_45_runs/results/full_ocrda/seed_3407/history_v7_4_4.csv,0204b2729e2c552eded4be9926e1504245e358f4b9508e1e35bc14f7f495be35,36237
results/development/formal_45_runs/results/full_ocrda/seed_3407/metrics_v7_4_4.json,8c3383dda8dade3c3ba67cf4464a6804c06b47ba9f9a5c1b59c0deb2fda655d2,12023
results/development/formal_45_runs/results/full_ocrda/seed_3407/pseudo_diagnostics_history_v7_4_4.csv,152b791133149a443e5663d7895cc33b24cfc05ce8ee792e30e1f28f4812d950,41159
results/development/formal_45_runs/results/full_ocrda/seed_3407/target_adapt_tri_consensus_snapshot_best_v7_4_4.csv,f06f1384b5fad75f876c3d814c99a6be1f8aaf85232863ce81f63c3370acb871,143920
results/development/formal_45_runs/results/full_ocrda/seed_3407/target_dev_predictions_v7_4_4.csv,b967ff63426236e8c1aba4d7d066df32b564dd7019cf2fc59a6d59a163c8ccc3,21217
results/development/formal_45_runs/results/full_ocrda/seed_42/history_v7_4_4.csv,31af39c24c95bccea7ec1ee01b59d01071ba1cc7258bc53a61c0bc1f7ec92ba2,36853
results/development/formal_45_runs/results/full_ocrda/seed_42/metrics_v7_4_4.json,491775b2e49157b223a99b1f9df440b931da4da9c0a9a5e64306363bab2352b1,11801
results/development/formal_45_runs/results/full_ocrda/seed_42/pseudo_diagnostics_history_v7_4_4.csv,ef3dd30e261c9bc863b023d928f46fd1c16c8eb06960c2c8a6d2af9339fbb0ba,41338
results/development/formal_45_runs/results/full_ocrda/seed_42/target_adapt_tri_consensus_snapshot_best_v7_4_4.csv,f918821c1b5e80a6ed442c847248ad19c04aed851df51445ae38c13ff5f35c8e,144250
results/development/formal_45_runs/results/full_ocrda/seed_42/target_dev_predictions_v7_4_4.csv,db8e88ebf1e1d43509b170e9bd4a4fc7ca12ecf7647b51dd8ec6cf2a10978492,21338
results/development/formal_45_runs/results/full_ocrda/seed_7777/history_v7_4_4.csv,da7332bd602fb65f75ef55aadc70faf7600a0487ffa7f48fc27eb4d07a37e397,37147
results/development/formal_45_runs/results/full_ocrda/seed_7777/metrics_v7_4_4.json,5d922abd64385210a37b0d8e636fbd128029e95f43872d83157042ff1501c525,11719
results/development/formal_45_runs/results/full_ocrda/seed_7777/pseudo_diagnostics_history_v7_4_4.csv,6ee360625ead50f47e0f8ac283e1bb4ffad4076bf59dc94a5ab8d85894b1ea6e,41000
results/development/formal_45_runs/results/full_ocrda/seed_7777/target_adapt_tri_consensus_snapshot_best_v7_4_4.csv,461e6f8a9ba284a1e6b64a406011d4e5ee31eec151a7cf42eab2d5112dff271d,144359
results/development/formal_45_runs/results/full_ocrda/seed_7777/target_dev_predictions_v7_4_4.csv,aa1ce32e808da1289d5424064cb80415a220a617d999cba367a544f11c9d5a9b,21215
results/development/formal_45_runs/results/mmd/seed_123/history.csv,40fcecd36ae8417998cdbecb48be1f20f59b802a8454844d97e5c7e2f80ad26c,1372
results/development/formal_45_runs/results/mmd/seed_123/metrics.json,1976cd117606078963cbc63ece3096f246bfee5123b117d5f849ba8c4b107505,4207
results/development/formal_45_runs/results/mmd/seed_2026/history.csv,cda176f2fba4ee23f3cfca9365fca73bb78177b5d939559287608000953369d8,1374
results/development/formal_45_runs/results/mmd/seed_2026/metrics.json,205585755c5efb6b8f839dddb1916659544e0b71297bfeb4f35be8f67fa584ab,4221
results/development/formal_45_runs/results/mmd/seed_3407/history.csv,19f075439bc8c9f45abb8ab4dbb085e9cbe37e7b76a5425860d8487e527d22d5,1385
results/development/formal_45_runs/results/mmd/seed_3407/metrics.json,4fecc1251ec7f7f1b16ee53283c5b0236389d937b605466d0e76b63d7a6412b4,4238
results/development/formal_45_runs/results/mmd/seed_42/history.csv,81390777db6000bc3f2542a9651d17216c11b727b066002619a6cf501710051b,1380
results/development/formal_45_runs/results/mmd/seed_42/metrics.json,3db91db80a40d360928bc51406574094347cf044761b8528148da5a4e472e80c,4177
results/development/formal_45_runs/results/mmd/seed_7777/history.csv,2d1eaf6717e823b23557025f055b5d9eb45e723d3225a30c66f3b95f50cf6427,1376
results/development/formal_45_runs/results/mmd/seed_7777/metrics.json,fed20627fc27cafd708d1563e64942cc9a2263e0b7d034566b5ca6729f62245c,4197
results/development/formal_45_runs/results/ocrda_no_reliability/aggregate_metrics_v7_4_4.json,daaf842f904c43f30dd1337267318c30b8327b44c8e2dd8b879197807dc591e2,13666
results/development/formal_45_runs/results/ocrda_no_reliability/ontology_graph_summary_v7_4_4.json,d098cad257402f1dad4bfbf94c1d74a22a410f17f248a6bd94ec5824f1cb2bec,2782
results/development/formal_45_runs/results/ocrda_no_reliability/seed_123/history_v7_4_4.csv,997a4d0b4774183d74ac1eabe326e811232ce859636d670215cfb68e531c94e0,27506
results/development/formal_45_runs/results/ocrda_no_reliability/seed_123/metrics_v7_4_4.json,605291cfe7ccb7f617e09ec64583a0f007b15301c18059fae8c4f52684eea427,12005
results/development/formal_45_runs/results/ocrda_no_reliability/seed_123/pseudo_diagnostics_history_v7_4_4.csv,b719c8e6a7da32035dfc2e89b9920ea25662a3b9d519e5762c06a50e8e2af876,33275
results/development/formal_45_runs/results/ocrda_no_reliability/seed_123/target_adapt_tri_consensus_snapshot_best_v7_4_4.csv,973000f19ff7e2f539c3d9206b2d98720f0d3ff4229d95d3d5b375863f34dbd4,143671
results/development/formal_45_runs/results/ocrda_no_reliability/seed_123/target_dev_predictions_v7_4_4.csv,31f58d721fad29e4eaea89247588fd874d761cb7f62976b4f903b393bafabd95,21251
results/development/formal_45_runs/results/ocrda_no_reliability/seed_2026/history_v7_4_4.csv,035a4e5668b9212f7488b59ce207abfe0b56ea475fef219d0f6fe0c09e89a7cd,28010
results/development/formal_45_runs/results/ocrda_no_reliability/seed_2026/metrics_v7_4_4.json,bfacb0ff78bf7e0ce4035e198d3c1b818967423e185c35b6f8e037db1bd55e39,11711
results/development/formal_45_runs/results/ocrda_no_reliability/seed_2026/pseudo_diagnostics_history_v7_4_4.csv,e404d4007c27454a1e12c51018a2a4fb103dc50176bf19642cf485c7f6204bf3,34049
results/development/formal_45_runs/results/ocrda_no_reliability/seed_2026/target_adapt_tri_consensus_snapshot_best_v7_4_4.csv,9cb3c69bcb29e74bc7bd526aa8c77ed2c4929d088c31293e8e2f36521c76af9c,144294
results/development/formal_45_runs/results/ocrda_no_reliability/seed_2026/target_dev_predictions_v7_4_4.csv,9d54d31494d79847bc0125910278c30f9bac986bee0872fc5138892e9f62b30b,21253
results/development/formal_45_runs/results/ocrda_no_reliability/seed_3407/history_v7_4_4.csv,b29f16edb9aa1d2c18cefacfba7abf3d7e60b9d02ab06ffda200d9301ac2655a,26937
results/development/formal_45_runs/results/ocrda_no_reliability/seed_3407/metrics_v7_4_4.json,892335d6080fdbdab9ae497be44043ed9eee8331ea46b4fc622239da6d45482e,11950
results/development/formal_45_runs/results/ocrda_no_reliability/seed_3407/pseudo_diagnostics_history_v7_4_4.csv,2ab6c1c8aa6cf2096152e114b9fbf94942cae5f55cc47adc3498e70e3560c8f3,32495
results/development/formal_45_runs/results/ocrda_no_reliability/seed_3407/target_adapt_tri_consensus_snapshot_best_v7_4_4.csv,db04221d980c368e7a8db4dfcc11085c4a21bbd48c6a6c35e19bf6870ffbfeaa,143937
results/development/formal_45_runs/results/ocrda_no_reliability/seed_3407/target_dev_predictions_v7_4_4.csv,4e5fb0668a4c13178bae2c46917a09f786279f3dad9499832dd7c46d9d8b95cd,21229
results/development/formal_45_runs/results/ocrda_no_reliability/seed_42/history_v7_4_4.csv,5d66d32c1f450ad975a245928f98514ab9c7eb736603d29943d9a09576e33d76,27448
results/development/formal_45_runs/results/ocrda_no_reliability/seed_42/metrics_v7_4_4.json,9b3082ffd1c8a37ebdf1dca2f5e4f823d62ed83fc5c0c68faa46d80a453a8c69,11911
results/development/formal_45_runs/results/ocrda_no_reliability/seed_42/pseudo_diagnostics_history_v7_4_4.csv,85910292e0a213ce4343f903de8fcde86a0889ad580476425946b253f339d579,33357
results/development/formal_45_runs/results/ocrda_no_reliability/seed_42/target_adapt_tri_consensus_snapshot_best_v7_4_4.csv,01165a97ba938d50ba7564b7fd49ec3e0a4a95ac8527885f3f845cc177a2ea17,144732
results/development/formal_45_runs/results/ocrda_no_reliability/seed_42/target_dev_predictions_v7_4_4.csv,cf900282712729bb0b7c87466a0c68ac6175fa332c8975a116faf1d69e6baabb,21228
results/development/formal_45_runs/results/ocrda_no_reliability/seed_7777/history_v7_4_4.csv,1087db85eeee894cba3402f138c3a256f19fc6f07f8a0c361a71378d9d5c4ee9,27397
results/development/formal_45_runs/results/ocrda_no_reliability/seed_7777/metrics_v7_4_4.json,bdae92d7d2f6ceb0d996af6b7e143f7748a5890a55c184bc0ea31c7a37339589,11721
results/development/formal_45_runs/results/ocrda_no_reliability/seed_7777/pseudo_diagnostics_history_v7_4_4.csv,f3f528674dd9e90efa577434481bb57e717fbc2a5e2c483f1cd8540deb5390c8,32328
results/development/formal_45_runs/results/ocrda_no_reliability/seed_7777/target_adapt_tri_consensus_snapshot_best_v7_4_4.csv,9bd243ec2a3a86a9cbb6e87b38c495f273b1050725e7661088d57b853b4036e7,144326
results/development/formal_45_runs/results/ocrda_no_reliability/seed_7777/target_dev_predictions_v7_4_4.csv,049377186b28cef67a71fe49de8a16fd85312c2adb6409a3cb7e253a91dc4ea8,21237
results/development/formal_45_runs/results/ocrda_no_topology/aggregate_metrics_v7_4_4.json,5ab31e07517a8c388da29e2ad3b5e4448b449c1ff465564c2d57b096a718fa30,14065
results/development/formal_45_runs/results/ocrda_no_topology/ontology_graph_summary_v7_4_4.json,d098cad257402f1dad4bfbf94c1d74a22a410f17f248a6bd94ec5824f1cb2bec,2782
results/development/formal_45_runs/results/ocrda_no_topology/seed_123/history_v7_4_4.csv,243b7eef00437408d90f5bce526e9bd1b27ee1608d36bd218fe6533ae7beb14a,27373
results/development/formal_45_runs/results/ocrda_no_topology/seed_123/metrics_v7_4_4.json,363cd4fbb9b2ae8d23ee41afa78bd1e6f19e98df9d356ff541c0bdb26b5f14d5,12132
results/development/formal_45_runs/results/ocrda_no_topology/seed_123/pseudo_diagnostics_history_v7_4_4.csv,de09c320b5d74a9c91a1f45a677807df754ad999e35da8fda0603b03344c8b2b,34388
results/development/formal_45_runs/results/ocrda_no_topology/seed_123/target_adapt_tri_consensus_snapshot_best_v7_4_4.csv,72d8c8dfbcaa524117f8d9c57e347dcf8754860236481e2ecb28f1fb504fdc1b,144875
results/development/formal_45_runs/results/ocrda_no_topology/seed_123/target_dev_predictions_v7_4_4.csv,080df2b14f242cfdc136378c601e1eccafc6387f4e152db53615193d4e844a23,21309
results/development/formal_45_runs/results/ocrda_no_topology/seed_2026/history_v7_4_4.csv,da1e96f24bf6891bef42aea3f363be7d1d29071170050f1fb7998bf9a9f5959c,27621
results/development/formal_45_runs/results/ocrda_no_topology/seed_2026/metrics_v7_4_4.json,1f063fea1398676a4442b3f92c3f9a5b55db97f0d6ef55f3b66fd895ca56e656,12249
results/development/formal_45_runs/results/ocrda_no_topology/seed_2026/pseudo_diagnostics_history_v7_4_4.csv,40c9b8a3d0d37f95ccf87888d7ac78562efb790bdeb1fce295a28df1e9afb88a,34965
results/development/formal_45_runs/results/ocrda_no_topology/seed_2026/target_adapt_tri_consensus_snapshot_best_v7_4_4.csv,2e936db6f31a4f572c0e3462620928edc5c0289e00b19182e231053042427ae2,144952
results/development/formal_45_runs/results/ocrda_no_topology/seed_2026/target_dev_predictions_v7_4_4.csv,487dd8d58a8f3cf496163274c313f8375a4004e6d30e639cd2b3fae537997160,21275
results/development/formal_45_runs/results/ocrda_no_topology/seed_3407/history_v7_4_4.csv,f260b00f9df864db50512ffe396132dd4d8a933f37848df6d531910b6dddb762,26734
results/development/formal_45_runs/results/ocrda_no_topology/seed_3407/metrics_v7_4_4.json,f729c1aa06848c4dff3d560046556ae2ed1e30c3d20f615ab2b58ac3b75a4cbe,12121
results/development/formal_45_runs/results/ocrda_no_topology/seed_3407/pseudo_diagnostics_history_v7_4_4.csv,356cffc0011d0d3c59ddea925dc62262b8b0d059fa5b3d297fd37792566d6f8a,33460
results/development/formal_45_runs/results/ocrda_no_topology/seed_3407/target_adapt_tri_consensus_snapshot_best_v7_4_4.csv,c51d8c97b7935a970090bcc9f846c6ab513957bdab7800a15474acd38e59eae8,144573
results/development/formal_45_runs/results/ocrda_no_topology/seed_3407/target_dev_predictions_v7_4_4.csv,72181c02bf4ab8387e3c11c2d6f2a1075c46fa01e6db11942ccde7fbd9fc9e4e,21267
results/development/formal_45_runs/results/ocrda_no_topology/seed_42/history_v7_4_4.csv,4fd71756db49ef0fd3dac400e87c9d59c43584b9a334bc9046de2e96d6a044f0,26832
results/development/formal_45_runs/results/ocrda_no_topology/seed_42/metrics_v7_4_4.json,9c1d7af9b3eef2665cbb17395a3e02ff1cc4902a62c5b6db5e9043f5148bb3fc,12212
results/development/formal_45_runs/results/ocrda_no_topology/seed_42/pseudo_diagnostics_history_v7_4_4.csv,72308ff48de03071eceaab73aa43ae63b231e0f1d846268d148ce1e04f4e33bb,34272
results/development/formal_45_runs/results/ocrda_no_topology/seed_42/target_adapt_tri_consensus_snapshot_best_v7_4_4.csv,ef8dcd27204fc57ee1aed3697a8938047280da38014012ab5e50c8db928bd90c,143965
results/development/formal_45_runs/results/ocrda_no_topology/seed_42/target_dev_predictions_v7_4_4.csv,28d154a0d0558f011b8fc55e4df074893ab36a5e21b55811a1d627be1cfaa9a4,21268
results/development/formal_45_runs/results/ocrda_no_topology/seed_7777/history_v7_4_4.csv,a8fb4f43c3a7531f195edab37c87979b25b84ad2a770e2762676de5280af1d99,27125
results/development/formal_45_runs/results/ocrda_no_topology/seed_7777/metrics_v7_4_4.json,77ba50ae95868b7f72a844e3b5d6565dd4883430990274336e37af3667d08c5d,12042
results/development/formal_45_runs/results/ocrda_no_topology/seed_7777/pseudo_diagnostics_history_v7_4_4.csv,627a6f47b2c319dbbc2df49c08c48ec8441c0bfb1afebd9cbdc3d9fed2c32d60,33318
results/development/formal_45_runs/results/ocrda_no_topology/seed_7777/target_adapt_tri_consensus_snapshot_best_v7_4_4.csv,dd4c6f99801fbec2a0b9dba53a6e2270193c583f1e01469d0b45604d72c69aad,144891
results/development/formal_45_runs/results/ocrda_no_topology/seed_7777/target_dev_predictions_v7_4_4.csv,93484386c8a2be719cc8174715561ba283e58cba5f46a473fafcc0c20e08d20d,21234
results/development/formal_45_runs/results/relation_blind/aggregate_metrics_v7_4_4.json,61a2b5e5189251c8e7d99e7cf7073bf26d1ed233962104a21f58e2a163d443ca,13854
results/development/formal_45_runs/results/relation_blind/ontology_graph_summary_v7_4_4.json,d098cad257402f1dad4bfbf94c1d74a22a410f17f248a6bd94ec5824f1cb2bec,2782
results/development/formal_45_runs/results/relation_blind/seed_123/history_v7_4_4.csv,ea5074225675884f423bb9034b90b0f8cb7897a73973dce396136a2ed5b36423,27708
results/development/formal_45_runs/results/relation_blind/seed_123/metrics_v7_4_4.json,7caf723ec906cb5186e0f6983429b765b87c0f26bfc8c66b65cc0cd194fcff78,11868
results/development/formal_45_runs/results/relation_blind/seed_123/pseudo_diagnostics_history_v7_4_4.csv,e08b9250cc5412eeef3e66a27211cbb26084e3bb83af7833d5ee546762ccde97,34006
results/development/formal_45_runs/results/relation_blind/seed_123/target_adapt_tri_consensus_snapshot_best_v7_4_4.csv,68135f1b446fa0a28c4716c96914be67a74300b7149ff48ddf647dbf8f477755,144425
results/development/formal_45_runs/results/relation_blind/seed_123/target_dev_predictions_v7_4_4.csv,6d8f9da5d1e4fae95f6d4122d7af4acea94be29d86474b451555a92db56a4923,21319
results/development/formal_45_runs/results/relation_blind/seed_2026/history_v7_4_4.csv,c44d6f09557eed33ac79b60ecd9210b99b5864063449a31102e9d0f53d33d55f,28342
results/development/formal_45_runs/results/relation_blind/seed_2026/metrics_v7_4_4.json,3f4f3f3136f367c358e442c26bc76b6f84f5c5b6a823ce4faa8d4046072e9999,11906
results/development/formal_45_runs/results/relation_blind/seed_2026/pseudo_diagnostics_history_v7_4_4.csv,a48aece4d085129aae9551d2af91e2d7a2f9e689c43389a4c7bd22e0186ea206,34978
results/development/formal_45_runs/results/relation_blind/seed_2026/target_adapt_tri_consensus_snapshot_best_v7_4_4.csv,f7927e8fabbb4b856ba72a36d394e43838aadf739d3edb64b4ae1a995e5c0aca,144964
results/development/formal_45_runs/results/relation_blind/seed_2026/target_dev_predictions_v7_4_4.csv,91710f1c7d284c4606f45e3f1f5043f937ac6eceb4b89a4106cede56a70693c8,21293
results/development/formal_45_runs/results/relation_blind/seed_3407/history_v7_4_4.csv,7299357b7ccc9ffcfb9c21ca6fa04b30d276729de58f7a8097d3bdf26f9757fb,26734
results/development/formal_45_runs/results/relation_blind/seed_3407/metrics_v7_4_4.json,8581ce6520b38a6bd824988e2837711c2adb21eb914eadef7d702c5597c2b643,11854
results/development/formal_45_runs/results/relation_blind/seed_3407/pseudo_diagnostics_history_v7_4_4.csv,9e10923659afd5e030e2d4883ba385be251d14127a8dfa1b156e9905606e3733,33207
results/development/formal_45_runs/results/relation_blind/seed_3407/target_adapt_tri_consensus_snapshot_best_v7_4_4.csv,0453ba1a79dff8496bad5a2ecaa3edb327bcdf0901a780ef25a1f480ddf8dc04,145301
results/development/formal_45_runs/results/relation_blind/seed_3407/target_dev_predictions_v7_4_4.csv,30675540bdb5f48ad45d1d8a1d09f247feec3b2367828fcc65e84af3f06bb4b6,21302
results/development/formal_45_runs/results/relation_blind/seed_42/history_v7_4_4.csv,33a56586635efa9924c8da82eaac6e6a559259432d707050894cbcfd5166a173,27576
results/development/formal_45_runs/results/relation_blind/seed_42/metrics_v7_4_4.json,a08943f2b5e0a5429dabe2925085a78a07d370202ead5f79118e4c7659db5f51,11893
results/development/formal_45_runs/results/relation_blind/seed_42/pseudo_diagnostics_history_v7_4_4.csv,a7528c374deb46bbb67951f8adbd849b81bbe9cb5b6d425efa72d246c3835ebd,34112
results/development/formal_45_runs/results/relation_blind/seed_42/target_adapt_tri_consensus_snapshot_best_v7_4_4.csv,46ab6795338df908da82779979a4d1ac4866e4860b290d7627b673343a52cd8e,143537
results/development/formal_45_runs/results/relation_blind/seed_42/target_dev_predictions_v7_4_4.csv,b6f9e30cbc237c1fcc1056b02956d1e63f944c28406ee617815c7c71955b0bde,21303
results/development/formal_45_runs/results/relation_blind/seed_7777/history_v7_4_4.csv,14091de565439377259d00662efccafca3b42bf675570b20560c4bd8164df895,27252
results/development/formal_45_runs/results/relation_blind/seed_7777/metrics_v7_4_4.json,a0dcf390ebd27135e7ac929cd1830b1e7cf8458e680ea5710196fcb81ab1112d,11901
results/development/formal_45_runs/results/relation_blind/seed_7777/pseudo_diagnostics_history_v7_4_4.csv,a3d6f6da027e47bfafc95d438a95a18f0963292c6ec43158da80cc6ee25e3adc,33274
results/development/formal_45_runs/results/relation_blind/seed_7777/target_adapt_tri_consensus_snapshot_best_v7_4_4.csv,c5007f27d7eafeec6820c95b147fedd80612ff76042b9a8a037dda332fbfbb1e,143820
results/development/formal_45_runs/results/relation_blind/seed_7777/target_dev_predictions_v7_4_4.csv,af9420b770346b352a4dec75fa42a5ca57b1b6ed0fa819e2788f0a7b607cd8dd,21267
results/development/formal_45_runs/results/shuffled_ontology/aggregate_metrics_v7_4_4.json,b10c31963498f8cb064eaf6a0df0ae1cc476ab87e3d70ae1389cc3a215c4a4b3,13870
results/development/formal_45_runs/results/shuffled_ontology/ontology_graph_summary_v7_4_4.json,d098cad257402f1dad4bfbf94c1d74a22a410f17f248a6bd94ec5824f1cb2bec,2782
results/development/formal_45_runs/results/shuffled_ontology/seed_123/history_v7_4_4.csv,33cf2d9dc7add480f2b88832e4757db3ccebf92dc1ec0c691a2e5300d0bb1a51,27443
results/development/formal_45_runs/results/shuffled_ontology/seed_123/metrics_v7_4_4.json,79503d883b3648ad9c1da25cc5f41fba123d857b0149f6c03bb5c501dd6e54dc,11805
results/development/formal_45_runs/results/shuffled_ontology/seed_123/pseudo_diagnostics_history_v7_4_4.csv,fb4a4e2349c673bca64b3bdea6dc849beef0ea0eb43af18a6062abfc0f96f047,34170
results/development/formal_45_runs/results/shuffled_ontology/seed_123/target_adapt_tri_consensus_snapshot_best_v7_4_4.csv,07e59ad3026e5e26e5a372ecdeb857cc65639a47c309c3aefd2ff52aaea4e2e8,144914
results/development/formal_45_runs/results/shuffled_ontology/seed_123/target_dev_predictions_v7_4_4.csv,26ab9ebe5ead7216d2366644e581bf528bc90a159b6377c74c04e61889d791fc,21275
results/development/formal_45_runs/results/shuffled_ontology/seed_2026/history_v7_4_4.csv,b2651b4d9d8766f5bd34292e7213674d32637f7cff4034fc6268e5b7229f2a38,28058
results/development/formal_45_runs/results/shuffled_ontology/seed_2026/metrics_v7_4_4.json,b5d3de5a698e8af0f8f5bef75f09cc57436941816c0f7c586d30c7134f35726a,11937
results/development/formal_45_runs/results/shuffled_ontology/seed_2026/pseudo_diagnostics_history_v7_4_4.csv,830816fc925117a486c853681470ca328ba9daade883866021369014127c93ab,34812
results/development/formal_45_runs/results/shuffled_ontology/seed_2026/target_adapt_tri_consensus_snapshot_best_v7_4_4.csv,e891ee34d4175455bd111d813506e062c5536f437ccfa16dbd772330d27fa17a,145403
results/development/formal_45_runs/results/shuffled_ontology/seed_2026/target_dev_predictions_v7_4_4.csv,88838244fb6e85e76570ee3ef586508f064f57750a28cc08685cf8a48f111d8b,21309
results/development/formal_45_runs/results/shuffled_ontology/seed_3407/history_v7_4_4.csv,544b3e7d28b1fdf8eff634c291d491f9ffa51478e93ad7e9bfa309ceededf189,26670
results/development/formal_45_runs/results/shuffled_ontology/seed_3407/metrics_v7_4_4.json,0da029094e08c4236aa479936472d2095616d8fa8859a474db596b969467bdc2,11826
results/development/formal_45_runs/results/shuffled_ontology/seed_3407/pseudo_diagnostics_history_v7_4_4.csv,4cb3f5d4bafca1c5fcd25a5be71b8e6b6127b33f7c8f5e752980d01c0b474794,33299
results/development/formal_45_runs/results/shuffled_ontology/seed_3407/target_adapt_tri_consensus_snapshot_best_v7_4_4.csv,5c9e4436b7ef95bccd526bf5e0ed145dedffed83b3e7b7de00f0fdb0fc4fdbcd,145362
results/development/formal_45_runs/results/shuffled_ontology/seed_3407/target_dev_predictions_v7_4_4.csv,ce6f916d7929ca3189c8f6a300e1c8cbdba4acb83b08405c8a50b90807fde63e,21286
results/development/formal_45_runs/results/shuffled_ontology/seed_42/history_v7_4_4.csv,764b1278051febd58a161f61b17cf70a42cf6ae2485b063c611742cde36bf92e,27703
results/development/formal_45_runs/results/shuffled_ontology/seed_42/metrics_v7_4_4.json,b5727c78c976ebd27ffea6ba46fa0165bebf8e0129f9000894db51e9029713b1,11882
results/development/formal_45_runs/results/shuffled_ontology/seed_42/pseudo_diagnostics_history_v7_4_4.csv,65c04d0a617aaf313579701ab7fbf659611cb75e01bb88cbc4b4931e71cbb9a4,33792
results/development/formal_45_runs/results/shuffled_ontology/seed_42/target_adapt_tri_consensus_snapshot_best_v7_4_4.csv,ec4ee96876c0888bffaa5c6e0557790fdf0283edb16f7552e28c8198c53a2f8a,143992
results/development/formal_45_runs/results/shuffled_ontology/seed_42/target_dev_predictions_v7_4_4.csv,2699e554ac474c1331b33b61f311cb2592ca2de4488bd1b026fcacf3690cb533,21317
results/development/formal_45_runs/results/shuffled_ontology/seed_7777/history_v7_4_4.csv,cc46e231ed05dcf786a984226f2ebaadeed5e6f8623abb40bd0f97c5e341a21b,26979
results/development/formal_45_runs/results/shuffled_ontology/seed_7777/metrics_v7_4_4.json,6f4101c4c803beb4f08bc336d05c4f64c21a0124d0c8c063941399e8c46edf58,11917
results/development/formal_45_runs/results/shuffled_ontology/seed_7777/pseudo_diagnostics_history_v7_4_4.csv,9b96db07b7c25fd97c789019674be4ae673b5eb7084b89dc69a00b87f357de0f,33199
results/development/formal_45_runs/results/shuffled_ontology/seed_7777/target_adapt_tri_consensus_snapshot_best_v7_4_4.csv,bde1c7be3837146d430c00233fb4ab5ca9c3cfc936cd94e0fbc0c34c10a6443d,143365
results/development/formal_45_runs/results/shuffled_ontology/seed_7777/target_dev_predictions_v7_4_4.csv,4c711c6fe4c22b7a608c46266f9faa3c4d3b95b3aa2c1b667e9a6db86072a372,21230
results/development/formal_45_runs/results/source_only/seed_123/metrics.json,5b848d57c12d8ce31cb68cb1ba45c603348f8353a922ce36eb6e3e2cda9028c3,4273
results/development/formal_45_runs/results/source_only/seed_2026/metrics.json,0b91b4753b1a50c1d6ace040a222e9ed68d0c517834133a53261eb93c34201d8,4263
results/development/formal_45_runs/results/source_only/seed_3407/metrics.json,0d7122b6954d8a7bebad7da9a997f854206afa3ace0028d182b64f64826566c1,4259
results/development/formal_45_runs/results/source_only/seed_42/metrics.json,9f5d464460492e69717fbce68e84869272c73f9ec77d2ef2395fd06d68b1a4ef,4253
results/development/formal_45_runs/results/source_only/seed_7777/metrics.json,3b872c7a11ef2aad6d4371823916e9c2dbe2cebd9ffa67317223879b5717b943,4252
results/development/formal_45_runs/state/resume_manifest.json,4ecdccc2c9bd458eb59ff99c2a0cf266dd4f9e49af9ca51ed34c7d9c2716143e,3240
results/development/formal_45_runs/summary/FORMAL_EVAL_STATUS.json,e36c417f359929ac642e273911cda904f5da06c4fb4bc60b2fe57928b4e39fb3,3540
results/development/formal_45_runs/summary/SUMMARY.md,c1372d066011d67d0900aa3cbe259b2ecad868eaff3d346d706429686337c883,918
results/development/formal_45_runs/summary/aggregate_mean_std_ci.csv,94d73408397d131f99d643e42351d2eb9962ac45ccc1ceb4e41114f4915a48ea,6579
results/development/formal_45_runs/summary/all_metrics.json,fd3c76e03da1c4da37c1d98f5fbfa03996860109ec20ee1fe938c51d929e5c7e,436097
results/development/formal_45_runs/summary/paired_differences_vs_full.csv,6128f70ed140880cd6011dbd18c8eac34b218cb04736d24f0a5d8d482dd2937b,676
results/development/formal_45_runs/summary/per_seed_metrics.csv,ea576db63e952c24c6d60c40a88c1c3cccfc9b1e1e3095c4f8c9bc6a20ebdb55,13725
results/external_dataset3/DATASET3_LOCK_MANIFEST.csv,d42febf3efe1af7aa9359f351708e57ea1d4e604272d6269d9f540f6bfb75662,17722
results/external_dataset3/PRIMARY_ENDPOINT_LOCK.json,eebc9abbae0b41784377d31ecef55426fd49bda982d26873a251e3aa3ee7af98,1398
results/external_dataset3/README_KAGGLE.md,c91e14e21870642eb6360c571fc5f77e1cc5091bf3e8d007df22f2657dfec964,1302
results/external_dataset3/results/ccda_no_ontology/seed_123/dataset3_external_metrics.json,12646b42619a6360bc5d997bbcca72418c372958533a2462150f202f0e78f0bd,1448
results/external_dataset3/results/ccda_no_ontology/seed_123/dataset3_external_predictions.csv,652bd161805167f8627cbeb43fe424a46bf8761466fa2d34d58a47c00e752d11,13940
results/external_dataset3/results/ccda_no_ontology/seed_2026/dataset3_external_metrics.json,15202e2788bc8d2d7f146e661035897540f4df6aba1e0b2c570e4b340aa5c750,1464
results/external_dataset3/results/ccda_no_ontology/seed_2026/dataset3_external_predictions.csv,1c960b7acfd8094ce55106919c384a7c3fcd6dcf516316f4eb13525424677309,13900
results/external_dataset3/results/ccda_no_ontology/seed_3407/dataset3_external_metrics.json,d3c3d9295315af5856093f946e74fa92e15f3169a834fdc176983bcecf40522f,1439
results/external_dataset3/results/ccda_no_ontology/seed_3407/dataset3_external_predictions.csv,2cef76681c455b5e0e40668324105820bac6401398a72539e7f48d471591d246,14122
results/external_dataset3/results/ccda_no_ontology/seed_42/dataset3_external_metrics.json,11111f6274587d98f6b0893df68d515498f4b2c2531bb27570ea44deafad1671,1463
results/external_dataset3/results/ccda_no_ontology/seed_42/dataset3_external_predictions.csv,f99521cd8bce684a703987a3280d1b9c156b8ebeff6153e84a4d028840ede996,13933
results/external_dataset3/results/ccda_no_ontology/seed_7777/dataset3_external_metrics.json,54eb62639e0a46832e61057ddf7a7bf8ee5a9b035a939703d5bbfb0da0d669d2,1432
results/external_dataset3/results/ccda_no_ontology/seed_7777/dataset3_external_predictions.csv,ace1570b2f11ef75c5b594f27f9dc6bb1a9125489bb3f65beb70b845a385023e,14163
results/external_dataset3/results/coral/seed_123/dataset3_external_metrics.json,1bc71436268520be4d146218d2659c7b29585a05e4954ff5953a884ee893eaa6,1426
results/external_dataset3/results/coral/seed_123/dataset3_external_predictions.csv,e246cfdadc2917512298a6187c4e4495cc195b462098710531653d8f37b47641,13968
results/external_dataset3/results/coral/seed_2026/dataset3_external_metrics.json,f7c92808bc4981e3d74e0d3136d88abe5aba2c29a510aa6ecdd792b22346f056,1448
results/external_dataset3/results/coral/seed_2026/dataset3_external_predictions.csv,399c7b0d4afca772345c9660f4cfe50b054d03704e8bfca3ce72ef371c51d153,13974
results/external_dataset3/results/coral/seed_3407/dataset3_external_metrics.json,04b0c6a43969ea98caaa4600e0d92038e11f1f0f44f3d5aee079e77fffbf3688,1458
results/external_dataset3/results/coral/seed_3407/dataset3_external_predictions.csv,33781c3a44c34e47a7696dcf1b7eabd463e43ce51ac301be771deeca739c298a,14117
results/external_dataset3/results/coral/seed_42/dataset3_external_metrics.json,b12f3a5d1089eddaeb406e2af7fcbfe1932a0156a170a3a2bf09ea87dc8945fd,1441
results/external_dataset3/results/coral/seed_42/dataset3_external_predictions.csv,411b68a98b8b4cc2298026db4f7ed626bfbe5af72b192c0257bb3bb049f00fb0,13834
results/external_dataset3/results/coral/seed_7777/dataset3_external_metrics.json,5891d58615940c71dc123e5178d7e8e424b88dd7716892d7ff5e067385e3ab8d,1430
results/external_dataset3/results/coral/seed_7777/dataset3_external_predictions.csv,46dc944e1ec121cc5666a107b0f0ce7da705a5d38a0b58e61912374f62124dbc,14058
results/external_dataset3/results/full_ocrda/seed_123/dataset3_external_metrics.json,6d910bcf80c1543848cc5c2ff3b68c6c2f890f71555425556810ba744ad5e40f,1438
results/external_dataset3/results/full_ocrda/seed_123/dataset3_external_predictions.csv,220dc8d777f8c2c292ed7cf9c12178bcbaf9afe66e2ae9d0a78b334a74863eb8,13816
results/external_dataset3/results/full_ocrda/seed_2026/dataset3_external_metrics.json,2aa85b45f0d3f0c3001de8f31f868240d06b285acf4c3a43eba758fec9977c0b,1454
results/external_dataset3/results/full_ocrda/seed_2026/dataset3_external_predictions.csv,0da0cb1b3f0b40fabe8e1f8abdbe6bf2fa6318cf44167b8220d8285b00dedaad,13965
results/external_dataset3/results/full_ocrda/seed_3407/dataset3_external_metrics.json,4f7ff785dbe149f933acac600e2d4b8ae0e9674d830da3668e0bc25df9cf8147,1451
results/external_dataset3/results/full_ocrda/seed_3407/dataset3_external_predictions.csv,5c1cc23aa5168858583264663abb49f6e5c49249d5f9e00d4ab7a5705239dfcb,13738
results/external_dataset3/results/full_ocrda/seed_42/dataset3_external_metrics.json,5e7eee1a9c752066114e51735d2670d81519496862d35ff8a0d51bfa05f51128,1449
results/external_dataset3/results/full_ocrda/seed_42/dataset3_external_predictions.csv,cdf76e447695f0efa5af90c1cd9b9388e849ea50dc788ebaaee8e27196b14881,13990
results/external_dataset3/results/full_ocrda/seed_7777/dataset3_external_metrics.json,0221cbc753047cba8bf78ea6911694987bec2b4e224bedf8c916e30f273e98f5,1469
results/external_dataset3/results/full_ocrda/seed_7777/dataset3_external_predictions.csv,b50cfc56f183650b996c106a9cb6b36ac2ddc158dd5417f8978c4eb84131f4f0,13836
results/external_dataset3/results/mmd/seed_123/dataset3_external_metrics.json,58a6768b04a56fe7db138e46f06ce9acf3e6c0fd67758ca624453b76f7cd9e16,1399
results/external_dataset3/results/mmd/seed_123/dataset3_external_predictions.csv,d93ff4af3dc8ac3ce16b7c7a92d384b4e64230daae67a572b74bf4d4ac9ec824,13780
results/external_dataset3/results/mmd/seed_2026/dataset3_external_metrics.json,f6344e86500353f83f4aebaf95aedfef6c5128d93d3ba1540f986422e4aa02ab,1453
results/external_dataset3/results/mmd/seed_2026/dataset3_external_predictions.csv,c0e41ae1afc691c0ea1f3bdd30bd09e8949345bb06e2b3353615986633254fbf,13765
results/external_dataset3/results/mmd/seed_3407/dataset3_external_metrics.json,8dd7a1e81a8307ec3d047b032501a5306809bd74038db3ecb3db67e06bb37bbd,1443
results/external_dataset3/results/mmd/seed_3407/dataset3_external_predictions.csv,92a6e00cca101da0a1a95913df1e883fee807224432c67b998838c5732a9bfc1,14057
results/external_dataset3/results/mmd/seed_42/dataset3_external_metrics.json,b2f9804d131776a1202e6d52003a88ee593dffc6ecce1d1cfa303c14dce46911,1439
results/external_dataset3/results/mmd/seed_42/dataset3_external_predictions.csv,22c080edb52d4fb2fcc0aff73c47e53ae49a928d62c7c2aa607feba7f0582445,13806
results/external_dataset3/results/mmd/seed_7777/dataset3_external_metrics.json,3f923357c115518945bfa9f9f44062c82726bfc37b01254452e34504bdbe7fd7,1421
results/external_dataset3/results/mmd/seed_7777/dataset3_external_predictions.csv,9b753f3e36bf814987c54f0beaf3d67aab06e000004dc7508ab91717e2d65b4e,13769
results/external_dataset3/results/ocrda_no_reliability/seed_123/dataset3_external_metrics.json,81fdd036242c1ab184c3ec3b9f5227e90a0cb947f5c67b85134f0e79e3cee7c0,1474
results/external_dataset3/results/ocrda_no_reliability/seed_123/dataset3_external_predictions.csv,a2b81c71cda0a9bf2fed0fbd1be0fdc80ac61faf69739c1720552f7d77db8ad8,13830
results/external_dataset3/results/ocrda_no_reliability/seed_2026/dataset3_external_metrics.json,8814203f0db233b9ca752c6734149f8e823bc6e532b3150a97625150578f4471,1491
results/external_dataset3/results/ocrda_no_reliability/seed_2026/dataset3_external_predictions.csv,04104b07ba364ed30e661055397071a3b0c37d97aa5189161ccf1de523662881,13963
results/external_dataset3/results/ocrda_no_reliability/seed_3407/dataset3_external_metrics.json,34909a1d9e773e4c8f32bf651b031290a0008576ec4781d84b5bc2d7ae031feb,1471
results/external_dataset3/results/ocrda_no_reliability/seed_3407/dataset3_external_predictions.csv,ebea78a0ff95c37e9dcd2219425ca5d456fbe381218462dd1da718a52d79cbcf,13696
results/external_dataset3/results/ocrda_no_reliability/seed_42/dataset3_external_metrics.json,1f949c9a87420aecac64eb240bd91f20ca052b73f37d14e6f481d16be31f1864,1410
results/external_dataset3/results/ocrda_no_reliability/seed_42/dataset3_external_predictions.csv,a84422ebf2d9105937fb9a931fe8d55ae644c32561cb326ff72704a4eb35eee2,13852
results/external_dataset3/results/ocrda_no_reliability/seed_7777/dataset3_external_metrics.json,af85daadcffeb8434712d57b3d7ee12362e217320be305ef15b8d78b1ecf2210,1470
results/external_dataset3/results/ocrda_no_reliability/seed_7777/dataset3_external_predictions.csv,566f840dd8434f9314a1985b85dc0f34a19aaf9bed2bd45462c8a9c559f4064e,13763
results/external_dataset3/results/ocrda_no_topology/seed_123/dataset3_external_metrics.json,5e79c308d551349a0595db574ab1af5d498debad2a49e8960e441fe76ff3621a,1466
results/external_dataset3/results/ocrda_no_topology/seed_123/dataset3_external_predictions.csv,f6c64a4d4842d89ce60e40e0f17523b164f912e7329bd67a9abc8d85d8454642,13896
results/external_dataset3/results/ocrda_no_topology/seed_2026/dataset3_external_metrics.json,652a81cc421759879e9b114456a1f5878f32798f10a61cc70f4d3404a03ef56e,1475
results/external_dataset3/results/ocrda_no_topology/seed_2026/dataset3_external_predictions.csv,1a09c0ede969efc17262ff488079bf386bbaeb3a0982f3d7f86673a03d818c7a,13981
results/external_dataset3/results/ocrda_no_topology/seed_3407/dataset3_external_metrics.json,f6d88e63b9a60b49f3fc0eda460cfd1a7e1e660ea020be67b6dbf5a4956a9de6,1465
results/external_dataset3/results/ocrda_no_topology/seed_3407/dataset3_external_predictions.csv,db389e18db3bff81168e981ccd32d190134019a76c10155a8f930e722b1411f6,13743
results/external_dataset3/results/ocrda_no_topology/seed_42/dataset3_external_metrics.json,6146efcfcc60f51efe9ee7cb502f4ff819afd5d7a09083eb1c7ace6c28020953,1471
results/external_dataset3/results/ocrda_no_topology/seed_42/dataset3_external_predictions.csv,35e55365392cf1a27c128294229108425cace9e8cc4a45e761fb776570a9694a,13889
results/external_dataset3/results/ocrda_no_topology/seed_7777/dataset3_external_metrics.json,26dbd516c76326174aa467b632bdef92cf8dc54d1186b476eda60dea9bc5003c,1465
results/external_dataset3/results/ocrda_no_topology/seed_7777/dataset3_external_predictions.csv,94fd859dc458c0dd28f2614c6367ff2d2a6dc9063388f7b52f3945e94a566cc9,13791
results/external_dataset3/results/relation_blind/seed_123/dataset3_external_metrics.json,961c3035b2e4d116f5a64ec1e47d916781edeffbeca19be60307786e7f85cf1a,1462
results/external_dataset3/results/relation_blind/seed_123/dataset3_external_predictions.csv,0c89d17a39d970f46418e4283780dfd12c3ece75459c720c275122cadbb779d7,13894
results/external_dataset3/results/relation_blind/seed_2026/dataset3_external_metrics.json,7d640b3dbbf9598be945ad683fd506006e615d3a3465171e891e96e8405d1056,1450
results/external_dataset3/results/relation_blind/seed_2026/dataset3_external_predictions.csv,02cc690e2ff575e029ad2cf2309ac4ea696a99f4586599047c37c85e76ce7fe4,13959
results/external_dataset3/results/relation_blind/seed_3407/dataset3_external_metrics.json,9f1ed9f2432ccb289d79abc575546f10e98e5c05956204f086a58f9c5b2e0983,1459
results/external_dataset3/results/relation_blind/seed_3407/dataset3_external_predictions.csv,02e931e58873f0647fcb46ce51fe524131e693ded36e52b4548a643302d9c5c8,13714
results/external_dataset3/results/relation_blind/seed_42/dataset3_external_metrics.json,058b757e6cfaac0c4faaaa611d4af031d072655ad6c2ff6d575e7a8ad382e329,1462
results/external_dataset3/results/relation_blind/seed_42/dataset3_external_predictions.csv,7ccdb98daee4c236e66b15cd4520c7d25a06f1019d432d5c5e79ab7e3e293917,14000
results/external_dataset3/results/relation_blind/seed_7777/dataset3_external_metrics.json,a35c75abfd6c838c5b280798dda2a04e2d0de4b67ea2a1f0fe9885a1854becef,1477
results/external_dataset3/results/relation_blind/seed_7777/dataset3_external_predictions.csv,7d9bd2f69fc46fbf2327790b1e8925ee81e97e343a6040900adfb1dc9537d3bf,13796
results/external_dataset3/results/shuffled_ontology/seed_123/dataset3_external_metrics.json,b91806e322f5287940013ea8fb46e17625629e06e8a07cbdc5c7ed2e8653a58b,1479
results/external_dataset3/results/shuffled_ontology/seed_123/dataset3_external_predictions.csv,e028b2559d0a841f5b7efe29f2282e8c3ee2539b68c49270239bbc632d21c42b,13810
results/external_dataset3/results/shuffled_ontology/seed_2026/dataset3_external_metrics.json,4ecdf3a89472317865432227d28b949239b80aa03bf11130139305b0d0de9fec,1440
results/external_dataset3/results/shuffled_ontology/seed_2026/dataset3_external_predictions.csv,15d0345e1c4cf977a01039784c36b2104de5fbbe86df46d36960965ac092b591,14063
results/external_dataset3/results/shuffled_ontology/seed_3407/dataset3_external_metrics.json,d461891843bf4cd0e13c847107c8a108b43d9b681d51ce0aba50d732576a301c,1465
results/external_dataset3/results/shuffled_ontology/seed_3407/dataset3_external_predictions.csv,3cfaf1b65d12ff2ea6a4b22dffa524081d7b02176c8260190b4e523f78090919,13743
results/external_dataset3/results/shuffled_ontology/seed_42/dataset3_external_metrics.json,e3c06411d869a15a03cfa6ca3adbd171a19fcfbae347877fdbe31a9ef5155925,1461
results/external_dataset3/results/shuffled_ontology/seed_42/dataset3_external_predictions.csv,04bb9614ce2129e1caa60fa99b15e8f9ced0fee8a8c335544363e4b08aaa3ab9,13961
results/external_dataset3/results/shuffled_ontology/seed_7777/dataset3_external_metrics.json,fb376b8a57eb5c818a509728301e01356d8f25531b1c35551dfa9208f15c58e8,1468
results/external_dataset3/results/shuffled_ontology/seed_7777/dataset3_external_predictions.csv,cbabfaa964cc954abf115c7c47b09f80dc7502363b1daed70df7726ed9f3cf0f,13804
results/external_dataset3/results/source_only/seed_123/dataset3_external_metrics.json,b6347ea4e62ed780ca0730747c4b18eba456ef8260104ffffd062f704efa460f,1442
results/external_dataset3/results/source_only/seed_123/dataset3_external_predictions.csv,367f8b48a208dff8239b520c6552dbf07feb1595352062963309889589f27b0e,13794
results/external_dataset3/results/source_only/seed_2026/dataset3_external_metrics.json,f49e3dd078b0e175e017903f7069bb365e49940b52244249bfe43773e263460b,1456
results/external_dataset3/results/source_only/seed_2026/dataset3_external_predictions.csv,da4cd39e13300102a566a6321555bc818d3d325d28e915b117a27abb96081248,13723
results/external_dataset3/results/source_only/seed_3407/dataset3_external_metrics.json,554a12fd9a0b8bff476eac3b595b8c24edf723ce570298b758ce9bb34c94bd46,1446
results/external_dataset3/results/source_only/seed_3407/dataset3_external_predictions.csv,393c2a1cb79cc5506f9e88f4d20b96c503b023b5153ded8c25171eb40eb9884d,13805
results/external_dataset3/results/source_only/seed_42/dataset3_external_metrics.json,b44ae83faa2ea29adf4c384e94721d17c2f31c695232d0085f4bb5b440a295a7,1451
results/external_dataset3/results/source_only/seed_42/dataset3_external_predictions.csv,8000e19302e3a60e48fdcdecc64125ef0681a9b0c34a4a05de02c3f31f9ab3ca,13593
results/external_dataset3/results/source_only/seed_7777/dataset3_external_metrics.json,8818c5c35178c6dec8703ffc8e4d2dc0bfb5cd895f922b8cc537f29b591b1f53,1466
results/external_dataset3/results/source_only/seed_7777/dataset3_external_predictions.csv,a28e0e33e0f63698b9faaac48898b08cd443efe819f32c59c0ae9296f7fe53f1,13943
results/external_dataset3/state/external_eval_manifest.json,2ca5d622b5dff960a0f8177a0f5fa2aee6f9f99f45834d7152669843207c2231,3187
results/external_dataset3/summary/SUMMARY_EXTERNAL.md,00d1a3908ae2ae4ebdd4229953d3ea8306a36e27a041f0da5934643a3a2b9e64,829
results/external_dataset3/summary/aggregate_external_mean_std_ci.csv,5de860cc791b49633d77da4b97edefb69b1b08a6d68de39b9617497041d57743,7005
results/external_dataset3/summary/paired_external_differences_vs_full.csv,38baeec09d278929bf6bb62aea32db272556c19b65f56fb412dd626134675fa2,3577
results/external_dataset3/summary/per_seed_external_metrics.csv,49b63a047bcb12fd07f1795cb0db4bfb588e8aa949c3654de18e068ccc15324b,7543
scripts/verify_repository_integrity.py,571f2e33e1e5acbdf94c90eaa6a687f48b453956893041e10d8951b797ae721f,1133
src/MODEL_INVENTORY_CHECK.py,53d72215dd2f9ca068e1dc9e05f685370b2d865ae456e00cc37981a918ee362f,344
src/check_regenerated_model_inventory.py,9521899011e0781d96e85c9ef455e3ed6200b75c82db54f1f242f25f730816dc,766
src/external_eval_runner.py,9e4e5b3205e18d43109542afd71850da8283af0c22ccb66ec1a3fd271177232f,17917
src/inference_model.py,a2b3cf0a56e721c6fb22ae8af35ae43844408d4fdf6d02d6de05b63e6c5f8847,1523
src/kaggle_frozen_suite_runner.py,afca4a689a4ec83506666cc3c25f1dbe587b48fe89f63ddcd2453064f0993aab,18330
src/make_frozen_models_bundle_windows.py,a2dfe8e43fc13a0c8c973f9a1799feceaf077ec8ca6240b898cbc3a088b0e142,995
src/regenerate_frozen_models_runner.py,55ad226b1e3693d86d6dcffa9e33d6cab708c6f13a9f5f0f6a71aceeb74c1da1,29300
src/summarize_suite.py,ee8171e7cca63c7750df02425e7f28e4826b2013d7b1be8ff9e2710428c31145,5234
src/train_baselines_frozen_eval.py,452753d2764b34ad5fbbaaa1d82296db6bb7623b5e37b7598b4b9759474ee75f,14114
src/train_ocrda_v7_4_4.py,e771cc7301de2325df7b660d3c32e9007a0615940006da66925583bd6c60b054,189712
src/train_ocrda_v7_4_4_ablation.py,2432169e5abd52fec22a0ff122b29e3018ab018ae02c765b392dde1d9bb26690,189796
src/utils/check_cross_dataset_duplicates.py,4684fa70a09a1bc8cd3de1db0016c9d0133c804413c0702e3be0f181fba14ac6,18545
src/utils/requirements_dedup.txt,dd4dcc9205c6c23bd6a34c06332223fe628cb458729a7e61f6bfa0cfc8db05d2,82
src/utils/run_cross_dedup_windows.bat,d114372944a898d5b26ebb708923f1ae88077aabe51d90f89959991df01c0998,395
