sample_id,y_true,y_pred,prob_BG,prob_Healthy,prob_WSSV
BG/VN3_BG_001.png,BG,BG,0.9554193019866943,0.025329407304525375,0.01925135962665081
BG/VN3_BG_003.png,BG,BG,0.9530341029167175,0.030608203262090683,0.016357749700546265
BG/VN3_BG_004.jpg,BG,BG,0.9519745111465454,0.031210096552968025,0.016815442591905594
BG/VN3_BG_005.png,BG,BG,0.5413933992385864,0.022177310660481453,0.43642932176589966
BG/VN3_BG_006.png,BG,Healthy,0.023961227387189865,0.8646488785743713,0.1113898828625679
BG/VN3_BG_007.png,BG,BG,0.9556509256362915,0.024086106568574905,0.02026304043829441
BG/VN3_BG_008.jpg,BG,BG,0.9556466341018677,0.023277489468455315,0.021075958386063576
BG/VN3_BG_009.png,BG,BG,0.9556276798248291,0.023020969703793526,0.021351272240281105
BG/VN3_BG_010.png,BG,BG,0.9551052451133728,0.025009136646986008,0.019885694608092308
BG/VN3_BG_011.png,BG,BG,0.6736500263214111,0.31204572319984436,0.014304284937679768
BG/VN3_BG_012.png,BG,BG,0.9442762136459351,0.041824109852313995,0.01389973796904087
BG/VN3_BG_013.png,BG,BG,0.9470553398132324,0.038447681814432144,0.014496994204819202
BG/VN3_BG_014.jpg,BG,BG,0.9555667638778687,0.0232692863792181,0.021164044737815857
BG/VN3_BG_015.png,BG,Healthy,0.34687063097953796,0.6350181102752686,0.018111223354935646
BG/VN3_BG_016.jpg,BG,BG,0.9553279876708984,0.02531648427248001,0.019355494529008865
BG/VN3_BG_017.png,BG,BG,0.9556097388267517,0.02339380979537964,0.020996473729610443
BG/VN3_BG_018.png,BG,BG,0.9532582759857178,0.028518997132778168,0.018222711980342865
BG/VN3_BG_019.png,BG,BG,0.9549874663352966,0.021968744695186615,0.023043882101774216
BG/VN3_BG_020.png,BG,BG,0.946913480758667,0.03875765576958656,0.014328905381262302
BG/VN3_BG_021.png,BG,BG,0.9554078578948975,0.022485902532935143,0.022106295451521873
BG/VN3_BG_022.png,BG,Healthy,0.08183139562606812,0.8911710977554321,0.026997432112693787
BG/VN3_BG_023.png,BG,Healthy,0.15721097588539124,0.8207953572273254,0.021993709728121758
BG/VN3_BG_024.png,BG,BG,0.955451488494873,0.023122543469071388,0.02142588421702385
BG/VN3_BG_025.png,BG,BG,0.9535794854164124,0.029548147693276405,0.016872409731149673
BG/VN3_BG_026.png,BG,Healthy,0.048731278628110886,0.9150962829589844,0.03617243468761444
BG/VN3_BG_027.png,BG,BG,0.9374472498893738,0.04933413118124008,0.013218668289482594
BG/VN3_BG_028.png,BG,Healthy,0.4191991984844208,0.5619902014732361,0.018810585141181946
BG/VN3_BG_029.png,BG,Healthy,0.07085202634334564,0.9003515839576721,0.02879645675420761
BG/VN3_BG_030.png,BG,Healthy,0.052209142595529556,0.9130680561065674,0.03472283110022545
BG/VN3_BG_032.png,BG,BG,0.8421443104743958,0.1454296112060547,0.01242605410516262
BG/VN3_BG_033.png,BG,BG,0.5445823669433594,0.4386877417564392,0.016729917377233505
BG/VN3_BG_034.png,BG,BG,0.9555909037590027,0.023364340886473656,0.021044718101620674
BG/VN3_BG_035.png,BG,BG,0.9555137157440186,0.022674502804875374,0.02181173488497734
BG/VN3_BG_036.png,BG,Healthy,0.06113450974225998,0.9074532985687256,0.03141216188669205
BG/VN3_BG_037.png,BG,Healthy,0.08019670844078064,0.8922557234764099,0.027547555044293404
BG/VN3_BG_038.png,BG,BG,0.9544836282730103,0.02763778157532215,0.017878679558634758
BG/VN3_BG_039.png,BG,BG,0.9125640392303467,0.075064517557621,0.012371501885354519
BG/VN3_BG_040.png,BG,Healthy,0.14416436851024628,0.8337764143943787,0.022059231996536255
BG/VN3_BG_041.png,BG,BG,0.955578088760376,0.0233848188072443,0.021037152037024498
BG/VN3_BG_042.png,BG,BG,0.9053672552108765,0.08213485777378082,0.012497881427407265
BG/VN3_BG_043.png,BG,BG,0.9552497863769531,0.025730086490511894,0.019020099192857742
BG/VN3_BG_044.png,BG,Healthy,0.19757716357707977,0.7820175290107727,0.020405378192663193
BG/VN3_BG_045.png,BG,WSSV,0.0430297777056694,0.029375586658716202,0.9275947213172913
BG/VN3_BG_046.png,BG,BG,0.9552317261695862,0.02571018412709236,0.01905815675854683
BG/VN3_BG_047.png,BG,BG,0.9432564377784729,0.04194074496626854,0.01480285543948412
BG/VN3_BG_048.png,BG,BG,0.9549556374549866,0.025503290817141533,0.019541095942258835
BG/VN3_BG_049.png,BG,Healthy,0.12475191056728363,0.8519707322120667,0.023277368396520615
BG/VN3_BG_050.jpg,BG,BG,0.955303966999054,0.02287411503493786,0.021821871399879456
BG/VN3_BG_051.jpg,BG,WSSV,0.02687271498143673,0.0394393727183342,0.9336879253387451
BG/VN3_BG_052.jpg,BG,BG,0.9555047154426575,0.022825883701443672,0.021669456735253334
Healthy/VN3_Healthy_001.png,Healthy,BG,0.9164086580276489,0.07127446681261063,0.012316863983869553
Healthy/VN3_Healthy_003.jpg,Healthy,WSSV,0.032167255878448486,0.037530966103076935,0.9303017258644104
Healthy/VN3_Healthy_005.png,Healthy,BG,0.9552022218704224,0.023485952988266945,0.0213118065148592
Healthy/VN3_Healthy_006.png,Healthy,BG,0.7551736831665039,0.2314298152923584,0.013396544381976128
Healthy/VN3_Healthy_007.png,Healthy,Healthy,0.07313354313373566,0.8983288407325745,0.028537683188915253
Healthy/VN3_Healthy_008.png,Healthy,Healthy,0.07205942273139954,0.8992395401000977,0.028701020404696465
Healthy/VN3_Healthy_010.jpg,Healthy,Healthy,0.10794511437416077,0.8672558665275574,0.024799039587378502
Healthy/VN3_Healthy_011.png,Healthy,Healthy,0.04747069254517555,0.9158607125282288,0.036668628454208374
Healthy/VN3_Healthy_012.jpg,Healthy,WSSV,0.04915248602628708,0.026392901316285133,0.9244546890258789
Healthy/VN3_Healthy_013.png,Healthy,WSSV,0.032225530594587326,0.03771456703543663,0.9300598502159119
Healthy/VN3_Healthy_014.png,Healthy,BG,0.9468348026275635,0.01871347427368164,0.034451670944690704
Healthy/VN3_Healthy_015.jpg,Healthy,BG,0.9552087783813477,0.024206241592764854,0.020584994927048683
Healthy/VN3_Healthy_021.png,Healthy,Healthy,0.10229791700839996,0.8682160377502441,0.029485981911420822
Healthy/VN3_Healthy_022.png,Healthy,BG,0.89715975522995,0.09043752402067184,0.01240270771086216
Healthy/VN3_Healthy_023.jpg,Healthy,BG,0.9543118476867676,0.022014135494828224,0.023674022406339645
Healthy/VN3_Healthy_025.jpg,Healthy,BG,0.9503616094589233,0.030740292742848396,0.018898136913776398
Healthy/VN3_Healthy_026.jpg,Healthy,BG,0.9281088709831238,0.058702871203422546,0.013188331387937069
Healthy/VN3_Healthy_027.jpg,Healthy,WSSV,0.027555737644433975,0.03898373991250992,0.9334604740142822
Healthy/VN3_Healthy_028.png,Healthy,Healthy,0.40091732144355774,0.5807780027389526,0.018304655328392982
Healthy/VN3_Healthy_029.png,Healthy,BG,0.9411965608596802,0.045276474207639694,0.013527022674679756
Healthy/VN3_Healthy_030.png,Healthy,Healthy,0.06055491045117378,0.9077828526496887,0.03166221082210541
Healthy/VN3_Healthy_031.png,Healthy,Healthy,0.09210782498121262,0.8809033036231995,0.026988884434103966
Healthy/VN3_Healthy_032.jpg,Healthy,BG,0.9383277893066406,0.048236895352602005,0.013435259461402893
Healthy/VN3_Healthy_033.png,Healthy,BG,0.6095946431159973,0.37487345933914185,0.0155318733304739
Healthy/VN3_Healthy_035.jpg,Healthy,Healthy,0.0498470701277256,0.9145818948745728,0.03557109087705612
Healthy/VN3_Healthy_037.png,Healthy,BG,0.9456779360771179,0.033179935067892075,0.021142037585377693
Healthy/VN3_Healthy_038.jpg,Healthy,Healthy,0.15016311407089233,0.8270784020423889,0.022758428007364273
Healthy/VN3_Healthy_039.png,Healthy,Healthy,0.04855402186512947,0.915271520614624,0.036174479871988297
Healthy/VN3_Healthy_040.png,Healthy,Healthy,0.049499791115522385,0.914705216884613,0.035794973373413086
Healthy/VN3_Healthy_041.jpg,Healthy,BG,0.9539529085159302,0.023284226655960083,0.022762933745980263
Healthy/VN3_Healthy_042.png,Healthy,Healthy,0.4570865333080292,0.5229427814483643,0.01997063308954239
Healthy/VN3_Healthy_044.jpg,Healthy,Healthy,0.07327422499656677,0.8955463767051697,0.031179336830973625
Healthy/VN3_Healthy_045.png,Healthy,Healthy,0.052984029054641724,0.9127933382987976,0.03422266244888306
Healthy/VN3_Healthy_046.jpg,Healthy,Healthy,0.10541471093893051,0.8691806197166443,0.02540469728410244
Healthy/VN3_Healthy_048.png,Healthy,Healthy,0.18240344524383545,0.7966185212135315,0.020978104323148727
Healthy/VN3_Healthy_049.jpg,Healthy,WSSV,0.17038464546203613,0.02372760698199272,0.805887758731842
Healthy/VN3_Healthy_050.jpg,Healthy,BG,0.9554231762886047,0.02276601642370224,0.0218108668923378
Healthy/VN3_Healthy_051.jpg,Healthy,BG,0.9476262331008911,0.037318628281354904,0.015055177733302116
Healthy/VN3_Healthy_053.jpg,Healthy,BG,0.8024981617927551,0.021906057372689247,0.1755957454442978
Healthy/VN3_Healthy_054.jpg,Healthy,BG,0.9551552534103394,0.022027993574738503,0.02281676046550274
Healthy/VN3_Healthy_055.jpg,Healthy,WSSV,0.4183376133441925,0.026339150965213776,0.5553232431411743
Healthy/VN3_Healthy_056.jpg,Healthy,Healthy,0.1330186426639557,0.8379198908805847,0.029061447829008102
Healthy/VN3_Healthy_057.jpg,Healthy,WSSV,0.09432961046695709,0.023152118548750877,0.8825182914733887
Healthy/VN3_Healthy_058.png,Healthy,BG,0.7761707305908203,0.210584819316864,0.013244460336863995
Healthy/VN3_Healthy_059.jpg,Healthy,WSSV,0.016690080985426903,0.26961708068847656,0.713692843914032
Healthy/VN3_Healthy_060.jpg,Healthy,Healthy,0.047311026602983475,0.9153831601142883,0.03730585426092148
Healthy/VN3_Healthy_061.jpg,Healthy,WSSV,0.04592737555503845,0.03197915479540825,0.922093391418457
Healthy/VN3_Healthy_062.jpg,Healthy,BG,0.9552532434463501,0.025571899488568306,0.0191748458892107
Healthy/VN3_Healthy_063.png,Healthy,BG,0.7149145007133484,0.270189493894577,0.014895969070494175
Healthy/VN3_Healthy_064.png,Healthy,Healthy,0.40065211057662964,0.5817210078239441,0.01762685365974903
WSSV/VN3_WSSV_002.png,WSSV,Healthy,0.05441255867481232,0.9094725251197815,0.036114905029535294
WSSV/VN3_WSSV_003.png,WSSV,BG,0.8951488137245178,0.07637444138526917,0.02847672626376152
WSSV/VN3_WSSV_004.png,WSSV,Healthy,0.03127020224928856,0.90329909324646,0.06543070077896118
WSSV/VN3_WSSV_005.png,WSSV,BG,0.6106607913970947,0.3641138970851898,0.025225330144166946
WSSV/VN3_WSSV_007.jpg,WSSV,WSSV,0.03254218026995659,0.04007546976208687,0.9273824095726013
WSSV/VN3_WSSV_009.png,WSSV,BG,0.9554489850997925,0.025139721110463142,0.019411204382777214
WSSV/VN3_WSSV_010.png,WSSV,Healthy,0.01883470080792904,0.7635343074798584,0.21763092279434204
WSSV/VN3_WSSV_013.jpg,WSSV,WSSV,0.02345404215157032,0.05098439007997513,0.9255616068840027
WSSV/VN3_WSSV_014.png,WSSV,Healthy,0.07579552382230759,0.8925735354423523,0.03163091465830803
WSSV/VN3_WSSV_016.jpg,WSSV,BG,0.9073753356933594,0.01813713274896145,0.07448756694793701
WSSV/VN3_WSSV_017.jpg,WSSV,WSSV,0.03797771409153938,0.028414659202098846,0.9336075782775879
WSSV/VN3_WSSV_018.png,WSSV,WSSV,0.38463056087493896,0.0357309952378273,0.5796384811401367
WSSV/VN3_WSSV_021.png,WSSV,Healthy,0.05798310786485672,0.909574568271637,0.03244227170944214
WSSV/VN3_WSSV_022.png,WSSV,Healthy,0.46582603454589844,0.5144456624984741,0.01972828060388565
WSSV/VN3_WSSV_024.jpg,WSSV,Healthy,0.05308356136083603,0.9127841591835022,0.03413225710391998
WSSV/VN3_WSSV_027.jpg,WSSV,BG,0.7341764569282532,0.25185778737068176,0.013965729624032974
WSSV/VN3_WSSV_028.png,WSSV,Healthy,0.05458839610219002,0.9102609157562256,0.03515071049332619
WSSV/VN3_WSSV_029.png,WSSV,Healthy,0.16701391339302063,0.8107085227966309,0.022277530282735825
WSSV/VN3_WSSV_033.jpg,WSSV,Healthy,0.022833431139588356,0.8378331065177917,0.13933342695236206
WSSV/VN3_WSSV_035.png,WSSV,BG,0.581413984298706,0.4027199149131775,0.015866056084632874
WSSV/VN3_WSSV_039.png,WSSV,BG,0.95122891664505,0.019753335043787956,0.029017729684710503
WSSV/VN3_WSSV_040.png,WSSV,BG,0.9544581770896912,0.022435888648033142,0.023105962201952934
WSSV/VN3_WSSV_043.jpg,WSSV,Healthy,0.08198293298482895,0.8912144899368286,0.026802601292729378
WSSV/VN3_WSSV_044.png,WSSV,Healthy,0.10326523333787918,0.8671910762786865,0.029543712735176086
WSSV/VN3_WSSV_045.png,WSSV,Healthy,0.2612875998020172,0.7159032821655273,0.022809172049164772
WSSV/VN3_WSSV_046.png,WSSV,Healthy,0.1261463314294815,0.8493375778198242,0.024516070261597633
WSSV/VN3_WSSV_048.png,WSSV,Healthy,0.07597853988409042,0.8945551514625549,0.029466304928064346
WSSV/VN3_WSSV_050.png,WSSV,BG,0.9553322196006775,0.025105804204940796,0.019561907276511192
WSSV/VN3_WSSV_051.png,WSSV,BG,0.9519755840301514,0.03200848773121834,0.01601588912308216
WSSV/VN3_WSSV_053.jpg,WSSV,WSSV,0.015417332760989666,0.19913238286972046,0.7854503393173218
WSSV/VN3_WSSV_054.png,WSSV,BG,0.8472339510917664,0.13934226334095,0.01342378742992878
WSSV/VN3_WSSV_055.jpg,WSSV,Healthy,0.049331001937389374,0.9147270917892456,0.035941969603300095
WSSV/VN3_WSSV_057.jpg,WSSV,WSSV,0.030902843922376633,0.08119566738605499,0.8879015445709229
WSSV/VN3_WSSV_059.jpg,WSSV,WSSV,0.028182772919535637,0.4398086965084076,0.5320085883140564
WSSV/VN3_WSSV_060.png,WSSV,BG,0.9485395550727844,0.03644467890262604,0.015015797689557076
WSSV/VN3_WSSV_061.png,WSSV,BG,0.8097661733627319,0.174958273768425,0.015275548212230206
WSSV/VN3_WSSV_062.png,WSSV,Healthy,0.04809385538101196,0.9150620698928833,0.03684404492378235
WSSV/VN3_WSSV_065.png,WSSV,BG,0.7808657288551331,0.03260975703597069,0.18652446568012238
WSSV/VN3_WSSV_066.png,WSSV,Healthy,0.05092743784189224,0.9067199230194092,0.042352646589279175
WSSV/VN3_WSSV_067.jpg,WSSV,Healthy,0.04996253177523613,0.9139049053192139,0.036132507026195526
WSSV/VN3_WSSV_069.png,WSSV,WSSV,0.01804460771381855,0.4102819561958313,0.5716733932495117
WSSV/VN3_WSSV_070.png,WSSV,Healthy,0.07746166735887527,0.893949568271637,0.028588812798261642
WSSV/VN3_WSSV_074.png,WSSV,Healthy,0.05498947575688362,0.911688506603241,0.03332202881574631
WSSV/VN3_WSSV_076.jpg,WSSV,BG,0.8931032419204712,0.0924900621175766,0.014406650327146053
WSSV/VN3_WSSV_077.png,WSSV,Healthy,0.04864521697163582,0.9151817560195923,0.03617306053638458
WSSV/VN3_WSSV_078.jpg,WSSV,Healthy,0.2954779267311096,0.6845850944519043,0.019936949014663696
WSSV/VN3_WSSV_079.jpg,WSSV,BG,0.9553850889205933,0.0233402531594038,0.021274680271744728
WSSV/VN3_WSSV_080.png,WSSV,Healthy,0.05136273428797722,0.9135720729827881,0.035065144300460815
WSSV/VN3_WSSV_083.png,WSSV,BG,0.8627356886863708,0.12442609667778015,0.012838141992688179
WSSV/VN3_WSSV_084.png,WSSV,Healthy,0.3775675892829895,0.6032454967498779,0.01918688602745533
