epoch,n_target_adapt,effective_class_count_q,max_hard_pseudo_fraction,collapse_flag,tri_consensus_rate,tri_eligible_rate,selected_any_rate,mean_source_ema_js,mean_source_confidence,mean_ema_confidence,mean_proto_confidence,mean_tri_score,mean_selected_tri_score,selected_effective_class_count,selected_max_class_fraction,selected_total_count,prior_source_weight_scheduled,prior_source_weight_used,prior_source_js,keep_ratio_used,prior_confidence_coverage,prior_evidence_mix,prior_bbse_fit_l1,prior_bbse_condition,prior_bbse_trust,prior_consensus_available,quota_temper_gamma,quota_min_class_fraction,quota_min_class_count,q_mean_BG,hard_pseudo_fraction_BG,source_prior_BG,observed_prior_BG,prior_ema_BG,target_prior_BG,sampling_prior_BG,desired_quota_BG,eligible_count_BG,candidate_quota_BG,candidate_quota_rate_BG,quota_fill_ratio_BG,consensus_threshold_BG,selected_rate_BG,q_mean_Healthy,hard_pseudo_fraction_Healthy,source_prior_Healthy,observed_prior_Healthy,prior_ema_Healthy,target_prior_Healthy,sampling_prior_Healthy,desired_quota_Healthy,eligible_count_Healthy,candidate_quota_Healthy,candidate_quota_rate_Healthy,quota_fill_ratio_Healthy,consensus_threshold_Healthy,selected_rate_Healthy,q_mean_WSSV,hard_pseudo_fraction_WSSV,source_prior_WSSV,observed_prior_WSSV,prior_ema_WSSV,target_prior_WSSV,sampling_prior_WSSV,desired_quota_WSSV,eligible_count_WSSV,candidate_quota_WSSV,candidate_quota_rate_WSSV,quota_fill_ratio_WSSV,consensus_threshold_WSSV,selected_rate_WSSV,prototype_memory_initialized_classes,prototype_memory_updates_BG,prototype_selected_mass_BG,prototype_memory_updates_Healthy,prototype_selected_mass_Healthy,prototype_memory_updates_WSSV,prototype_selected_mass_WSSV,gate_selected_effective_classes,gate_selected_balance,gate_selected_tri_score,gate_source_ema_js,gate_selected_coverage,gate_global_effective_classes,gate_global_balance,selected_distribution_gate_raw,global_distribution_gate_raw,adaptation_gate_raw,adaptation_gate,adaptation_gate_ready,base_ocrda_ramp,v742_base_adaptation_weight,v742_controller_multiplier_used,effective_ocrda_ramp,v742_effective_adaptation_weight,active_adaptation_epochs,cumulative_adaptation_mass,class_balance_weight_BG,class_balance_weight_Healthy,class_balance_weight_WSSV,global_collapse_warning_only
1,572,2.9990499019622803,0.6835664510726929,False,0.3723776042461395,0.0,0.0,0.0,0.3433704972267151,0.3433704972267151,0.3988676369190216,0.36061716079711914,0.0,0.0,1.0,0,0.15,0.14618309860491308,0.0012887679040431976,0.0,0.8251748085021973,1.0,,,0.0,0.0,0.5,0.1,6,0.32877033948898315,0.1258741319179535,0.21169036626815796,0.3315209150314331,0.253631055355072,0.24750004708766937,0.3020866811275482,0,0,0,0.0,0.0,inf,0.0,0.3451293706893921,0.6835664510726929,0.43443918228149414,0.3427693843841553,0.40235474705696106,0.4070449769496918,0.35916197299957275,0,0,0,0.0,0.0,inf,0.0,0.32610026001930237,0.19055943191051483,0.3538704514503479,0.325709730386734,0.3440141975879669,0.34545502066612244,0.33875134587287903,0,0,0,0.0,0.0,inf,0.0,0,0,0.0,0,0.0,0,0.0,0.0,0.0,0.0,1.0,0.0,1.0,0.5952531785675974,0.00039810717055349746,0.7715265248632722,0.0026414215420306197,0.0,False,0.0,0.0,1.0,0.0,0.0,0,0.0,1.2159019708633423,0.8372365832328796,0.9468613266944885,False
2,572,2.9883060455322266,0.9737762212753296,True,0.7674825191497803,0.0,0.0,-1.0286992785379923e-10,0.3675491213798523,0.3675491213798523,0.42126986384391785,0.3842524290084839,0.0,0.0,1.0,0,0.14961896721503337,0.1361072184447991,0.004732444882392883,0.0,0.9912587404251099,1.0,,,0.0,0.0,0.5,0.1,6,0.37532979249954224,0.9737762212753296,0.21169036626815796,0.36985889077186584,0.2943108081817627,0.2830655872821808,0.3154139220714569,0,0,0,0.0,0.0,inf,0.0,0.3143620491027832,0.0017482517287135124,0.43443918228149414,0.31713956594467163,0.37252944707870483,0.3809558153152466,0.3499007225036621,0,0,0,0.0,0.0,inf,0.0,0.3103081285953522,0.024475524201989174,0.3538704514503479,0.31300151348114014,0.33315977454185486,0.335978627204895,0.33468538522720337,0,0,0,0.0,0.0,inf,0.0,0,0,0.0,0,0.0,0,0.0,0.0,0.0,0.0,1.0,0.0,1.0,0.0,0.00039810717055349746,0.01,0.0008912509381337458,0.0,False,0.0,0.0,1.0,0.0,0.0,0,0.0,1.1195273399353027,0.8959711790084839,0.9845012426376343,True
3,572,2.9616823196411133,0.8583915829658508,True,0.8234265446662903,0.0,0.0,6.156065102125297e-10,0.3976864516735077,0.3976863920688629,0.49575063586235046,0.42728492617607117,0.0,0.0,1.0,0,0.14848033612115563,0.12253765404970099,0.009601708501577377,0.0,0.998251736164093,1.0,,,0.0,0.0,0.5,0.1,6,0.40967056155204773,0.8583915829658508,0.21169036626815796,0.40084171295166016,0.33159661293029785,0.31690359115600586,0.3275776505470276,0,0,0,0.0,0.0,inf,0.0,0.2881646156311035,0.0,0.43443918228149414,0.29261916875839233,0.3445608615875244,0.3555743396282196,0.34106335043907166,0,0,0,0.0,0.0,inf,0.0,0.30216482281684875,0.14160838723182678,0.3538704514503479,0.3065391480922699,0.3238425552845001,0.3275221288204193,0.331358939409256,0,0,0,0.0,0.0,inf,0.0,0,0,0.0,0,0.0,0,0.0,0.0,0.0,0.0,1.0,0.0,1.0,0.06548005161863386,0.00039810717055349746,0.25589070248571727,0.002004534921652611,0.0,False,0.0,0.0,1.0,0.0,0.0,0,0.0,1.0370376110076904,0.9512443542480469,1.0117179155349731,True
4,572,2.938746213912964,0.6713286638259888,False,0.8916083574295044,0.0,0.0,2.3309479346700357e-10,0.4271068274974823,0.42710673809051514,0.6003965735435486,0.4772980213165283,0.0,0.0,1.0,0,0.14659745612688216,0.10928728079927957,0.014685520902276039,0.0,1.0,1.0,,,0.0,0.0,0.5,0.1,6,0.42091819643974304,0.6713286638259888,0.21169036626815796,0.4124428927898407,0.3598927855491638,0.34369614720344543,0.33694717288017273,0,0,0,0.0,0.0,inf,0.0,0.2555803060531616,0.003496503457427025,0.43443918228149414,0.2652943432331085,0.31681758165359497,0.3296721279621124,0.332062691450119,0,0,0,0.0,0.0,inf,0.0,0.32350146770477295,0.32517480850219727,0.3538704514503479,0.32226282358169556,0.3232896327972412,0.3266317546367645,0.33099010586738586,0,0,0,0.0,0.0,inf,0.0,0,0,0.0,0,0.0,0,0.0,0.0,0.0,0.0,1.0,0.0,1.0,0.6323373823454886,0.00039810717055349746,0.7951964426137033,0.0026614518110793777,0.0,False,0.0,0.0,1.0,0.0,0.0,0,0.0,0.976985514163971,1.0079928636550903,1.015021562576294,False
5,572,2.9487569332122803,0.49300697445869446,False,0.8601398468017578,0.03321678191423416,0.0,5.516892064710843e-12,0.45581433176994324,0.4558141827583313,0.6764815449714661,0.5184844732284546,0.0,0.0,1.0,0,0.1439924022786122,0.07132638409529136,0.03512471169233322,0.0,1.0,1.0,,,0.0,1.0,0.5,0.1,6,0.37809714674949646,0.46503496170043945,0.21169036626815796,0.6251448392868042,0.45273101329803467,0.43553847074508667,0.36822423338890076,0,0,0,0.0,0.0,inf,0.0,0.24805234372615814,0.0419580414891243,0.43443918228149414,0.15604913234710693,0.2605486214160919,0.272951602935791,0.3123379349708557,0,0,0,0.0,0.0,inf,0.0,0.3738504648208618,0.49300697445869446,0.3538704514503479,0.21880607306957245,0.2867203652858734,0.2915099561214447,0.31943783164024353,0,0,0,0.0,0.0,inf,0.0,0,0,0.0,0,0.0,0,0.0,0.0,0.0,0.0,1.0,0.0,1.0,1.0,0.00039810717055349746,1.0,0.002818382931264455,0.0,False,0.0,0.0,1.0,0.0,0.0,0,0.0,0.7955202460289001,1.12942373752594,1.0750559568405151,False
6,572,2.9418601989746094,0.55594402551651,False,0.8828670978546143,0.2220279723405838,0.0,1.9408311069391004e-10,0.4897121489048004,0.4897119402885437,0.7599599957466125,0.5656089782714844,0.0,0.0,1.0,0,0.1406957164508933,0.06679256856538593,0.03725038468837738,0.0,1.0,1.0,,,0.0,1.0,0.5,0.1,6,0.3265821635723114,0.32692307233810425,0.21169036626815796,0.40941745042800903,0.437571257352829,0.4224840998649597,0.3644469380378723,0,0,0,0.0,0.0,inf,0.0,0.25613972544670105,0.11713286489248276,0.43443918228149414,0.15630875527858734,0.2240646779537201,0.23811614513397217,0.2985307574272156,0,0,0,0.0,0.0,inf,0.0,0.41727808117866516,0.55594402551651,0.3538704514503479,0.4342738091945648,0.3383640944957733,0.3393998146057129,0.3370223045349121,0,0,0,0.0,0.0,inf,0.0,0,0,0.0,0,0.0,0,0.0,0.0,0.0,0.0,1.0,0.0,1.0,0.9819878014651213,0.00039810717055349746,0.990952976414684,0.002811986695880592,0.0,False,0.0,0.0,1.0,0.0,0.0,0,0.0,0.8073605298995972,1.241176962852478,0.9514623880386353,False
7,572,2.8934881687164307,0.5926573276519775,False,0.9125874042510986,0.45279720425605774,0.0,6.228305649003119e-10,0.5297294855117798,0.5297291278839111,0.8215461373329163,0.6120569109916687,0.0,0.0,1.0,0,0.13674604927086684,0.07114105215724198,0.032673049718141556,0.0,1.0,1.0,,,0.0,1.0,0.5,0.1,6,0.2602555453777313,0.21153846383094788,0.21169036626815796,0.26971349120140076,0.3788210153579712,0.3669312000274658,0.34659746289253235,0,0,0,0.0,0.0,inf,0.0,0.2769182324409485,0.1958041936159134,0.43443918228149414,0.18786612153053284,0.21139517426490784,0.22726276516914368,0.29407086968421936,0,0,0,0.0,0.0,inf,0.0,0.4628262221813202,0.5926573276519775,0.3538704514503479,0.5424203872680664,0.4097837805747986,0.4058060646057129,0.3593316376209259,0,0,0,0.0,0.0,inf,0.0,0,0,0.0,0,0.0,0,0.0,0.0,0.0,0.0,1.0,0.0,1.0,0.8707353707515834,0.00039810717055349746,0.9331320221445535,0.0027700382964020867,0.0,False,0.0,0.0,1.0,0.0,0.0,0,0.0,0.8929678797721863,1.2790223360061646,0.8280096650123596,False
8,572,2.798379421234131,0.6031468510627747,False,0.9510489702224731,0.6416083574295044,0.0,1.6715121509136566e-09,0.5761774182319641,0.5761770009994507,0.8670358657836914,0.6595290303230286,0.0,0.0,1.0,0,0.1321897069750035,0.07538818404085532,0.028079375624656677,0.0,0.998251736164093,1.0,,,0.0,1.0,0.5,0.1,6,0.20370198786258698,0.14160838723182678,0.21169036626815796,0.19961512088775635,0.31609898805618286,0.3082278072834015,0.32662710547447205,0,0,0,0.0,0.0,inf,0.0,0.2924439609050751,0.25524476170539856,0.43443918228149414,0.22231249511241913,0.2152162343263626,0.23174306750297546,0.2965075671672821,0,0,0,0.0,0.0,inf,0.0,0.5038540363311768,0.6031468510627747,0.3538704514503479,0.5780723690986633,0.4686848223209381,0.46002915501594543,0.37686532735824585,0,0,0,0.0,0.0,inf,0.0,0,0,0.0,0,0.0,0,0.0,0.0,0.0,0.0,1.0,0.0,1.0,0.8389489361734103,0.00039810717055349746,0.915941557182231,0.002757191563481054,0.0,False,0.0,0.0,1.0,0.0,0.0,0,0.0,1.007023811340332,1.2472069263458252,0.7457693815231323,False
9,572,2.484140396118164,0.5769230723381042,False,0.996503472328186,0.9458041787147522,0.09965034574270248,0.0,0.7405976057052612,0.7405976057052612,0.9828553199768066,0.8131598830223083,0.8706991672515869,2.9810478687286377,0.38596490025520325,57,0.1270801085108188,0.08741023030046892,0.018710266798734665,0.1,1.0,1.0,0.022883489727973938,1.8066540956497192,0.82638397910508,1.0,0.5,0.1,6,0.09272868186235428,0.08041957765817642,0.21169036626815796,0.10609973222017288,0.2425992339849472,0.2398974895477295,0.3005295693874359,17,44,17,0.02972027972027972,1.0,0.8857110738754272,0.029720280319452286,0.34200963377952576,0.34265732765197754,0.43443918228149414,0.3301345407962799,0.2554376423358917,0.2710842192173004,0.31316590309143066,18,179,18,0.03146853146853147,1.0,0.8542600274085999,0.03146853297948837,0.5652616024017334,0.5769230723381042,0.3538704514503479,0.5637657642364502,0.5019631385803223,0.4890183210372925,0.38630449771881104,22,318,22,0.038461538461538464,1.0,0.8644586801528931,0.038461536169052124,3,1,15.190903663635254,1,15.415081024169922,1,19.02386474609375,1.0,1.0,1.0,1.0,0.773892730474472,0.9841403961181641,0.9184149323087751,0.9622814525222486,0.9507098586231211,0.9593754164313368,0.9593754164313368,True,0.045454545454545456,0.04360797347415168,1.0,0.04360797347415168,0.04360797347415168,1,0.04360797347415168,1.2006795406341553,1.0955147743225098,0.7038053870201111,False
10,572,2.5275959968566895,0.5297202467918396,False,0.9370629191398621,0.8793706297874451,0.10139860212802887,0.004363718908280134,0.7405976057052612,0.7438496351242065,0.979652464389801,0.7940492630004883,0.8709363341331482,2.9672858715057373,0.3965517282485962,58,0.12147715924855487,0.09019338864200487,0.014888506382703781,0.10139614672185894,0.998251736164093,1.0,0.022883489727973938,1.8066540956497192,0.82638397910508,1.0,0.5,0.1,6,0.0917259007692337,0.07692307233810425,0.21169036626815796,0.10515893250703812,0.19449512660503387,0.19604602456092834,0.28219911456108093,16,42,16,0.027972027972027972,1.0,0.8900956511497498,0.0279720276594162,0.39097994565963745,0.39335665106773376,0.43443918228149414,0.3556189239025116,0.29050108790397644,0.30348336696624756,0.32669124007225037,19,178,19,0.033216783216783216,1.0,0.8550910353660583,0.03321678191423416,0.51729416847229,0.5297202467918396,0.3538704514503479,0.5392221212387085,0.5150038003921509,0.5004706382751465,0.3911096155643463,23,283,23,0.04020979020979021,1.0,0.8653438687324524,0.04020978882908821,3,2,14.320164680480957,2,16.28481674194336,2,19.909324645996094,1.0,1.0,1.0,1.0,0.793317801422543,1.0,1.0,0.9658664480319724,1.0,0.9742890239771579,0.9742890239771579,True,0.09090909090909091,0.0885717294524689,1.0,0.0885717294524689,0.0885717294524689,2,0.13217970292662057,1.35397207736969,0.9756119251251221,0.6704159379005432,False
11,572,2.5630009174346924,0.49300697445869446,False,0.8828670978546143,0.8426573276519775,0.10489509999752045,0.012369346804916859,0.7405976057052612,0.7531970739364624,0.9786652326583862,0.7663718461990356,0.8724063038825989,2.95999813079834,0.4000000059604645,60,0.11544654864548637,0.08748219637643675,0.01386861689388752,0.10555339927673241,0.9842657446861267,1.0,0.022883489727973938,1.8066540956497192,0.82638397910508,1.0,0.5,0.1,6,0.09671077877283096,0.08041957765817642,0.21169036626815796,0.10813391953706741,0.16426871716976166,0.16841726005077362,0.26971378922462463,16,41,16,0.027972027972027972,1.0,0.8909768462181091,0.0279720276594162,0.4165569841861725,0.42657342553138733,0.43443918228149414,0.3674125373363495,0.317420095205307,0.32765716314315796,0.3367193043231964,20,175,20,0.03496503496503497,1.0,0.8556022047996521,0.03496503457427025,0.48673221468925476,0.49300697445869446,0.3538704514503479,0.5244535207748413,0.5183112621307373,0.503925621509552,0.39356687664985657,24,266,24,0.04195804195804196,1.0,0.8673391342163086,0.0419580414891243,3,3,14.347413063049316,3,17.173986434936523,3,20.822975158691406,1.0,1.0,1.0,1.0,0.8321677777502272,1.0,1.0,0.9728180819801545,1.0,0.979543496948056,0.979543496948056,True,0.13636363636363635,0.13357411322018944,1.0,0.13357411322018944,0.13357411322018944,3,0.26575381614681004,1.4658401012420654,0.8898396492004395,0.6443201303482056,False
12,572,2.6032626628875732,0.4895104765892029,False,0.881118893623352,0.8304196000099182,0.1118881106376648,0.018279729411005974,0.7405976057052612,0.7708718180656433,0.9873135089874268,0.7535160183906555,0.8735765218734741,2.9635608196258545,0.390625,64,0.10905898009709446,0.08175397435426572,0.014408720657229424,0.11237889151219761,0.9597901701927185,1.0,0.022883489727973938,1.8066540956497192,0.82638397910508,1.0,0.5,0.1,6,0.10715910792350769,0.09440559148788452,0.21169036626815796,0.11087315529584885,0.1455802619457245,0.1509850174188614,0.2613842189311981,17,41,17,0.02972027972027972,1.0,0.8858665227890015,0.029720280319452286,0.4121146500110626,0.4160839021205902,0.43443918228149414,0.36368677020072937,0.33361342549324036,0.34185630083084106,0.3428376317024231,22,172,22,0.038461538461538464,1.0,0.8564104437828064,0.038461536169052124,0.4807262122631073,0.4895104765892029,0.3538704514503479,0.5254400968551636,0.5208063721656799,0.507158637046814,0.3957781493663788,25,262,25,0.043706293706293704,1.0,0.86912602186203,0.043706294149160385,3,4,15.25123405456543,4,18.922332763671875,4,21.73533058166504,1.0,1.0,1.0,1.0,0.9098678959740534,1.0,1.0,0.9859315202305047,1.0,0.9894299753370552,0.9894299753370552,True,0.18181818181818182,0.17989635915219188,1.0,0.17989635915219188,0.17989635915219188,4,0.4456501752990019,1.5425684452056885,0.8357225656509399,0.6217087507247925,False
13,572,2.656240701675415,0.4580419659614563,False,0.8321678042411804,0.7884615063667297,0.12237761914730072,0.030450651422142982,0.7405976057052612,0.7836510539054871,0.9846293926239014,0.7182217240333557,0.8737554550170898,2.952807903289795,0.4000000059604645,70,0.10238934200439938,0.0766492256725228,0.014477156102657318,0.12172015321050064,0.9020978808403015,1.0,0.022883489727973938,1.8066540956497192,0.82638397910508,1.0,0.5,0.1,6,0.12024635076522827,0.10139860212802887,0.21169036626815796,0.11547277122735977,0.13504263758659363,0.14091762900352478,0.2563166320323944,18,41,18,0.03146853146853147,1.0,0.8824219703674316,0.03146853297948837,0.42834270000457764,0.440559446811676,0.43443918228149414,0.3720961809158325,0.34708237648010254,0.353778213262558,0.34767839312553406,24,167,24,0.04195804195804196,1.0,0.8564824461936951,0.0419580414891243,0.4514109492301941,0.4580419659614563,0.3538704514503479,0.5124310255050659,0.5178749561309814,0.5053041577339172,0.39600497484207153,28,243,28,0.04895104895104895,1.0,0.8700549006462097,0.04895104840397835,3,5,16.138397216796875,5,20.652616500854492,5,24.371868133544922,1.0,1.0,1.0,0.9196103736758231,1.0,1.0,1.0,0.9875079013936027,1.0,0.990616219431912,0.990616219431912,True,0.22727272727272727,0.2251400498708891,1.0,0.2251400498708891,0.2251400498708891,5,0.670790225169891,1.5913854837417603,0.7979048490524292,0.6107096076011658,False
14,572,2.65995717048645,0.46503496170043945,False,0.8374125957489014,0.8006992936134338,0.13286712765693665,0.03191979601979256,0.7405976057052612,0.7995601296424866,0.9879000782966614,0.719281792640686,0.872625470161438,2.9480862617492676,0.3947368562221527,76,0.09551582977592973,0.07044667579832059,0.015221796929836273,0.1333685160212717,0.8968531489372253,1.0,0.022883489727973938,1.8066540956497192,0.82638397910508,1.0,0.5,0.1,6,0.12206820398569107,0.10839160531759262,0.21169036626815796,0.11306160688400269,0.12734927237033844,0.1332908272743225,0.25240686535835266,19,40,19,0.033216783216783216,1.0,0.8743050694465637,0.03321678191423416,0.4155324101448059,0.42657342553138733,0.43443918228149414,0.3660546839237213,0.3537226915359497,0.3594089150428772,0.3502642810344696,27,167,27,0.0472027972027972,1.0,0.8555517196655273,0.04720279574394226,0.46239936351776123,0.46503496170043945,0.3538704514503479,0.5208837389945984,0.518928050994873,0.5073003172874451,0.39732879400253296,30,251,30,0.05244755244755245,1.0,0.8696975111961365,0.05244754999876022,3,6,16.993526458740234,6,23.221921920776367,6,26.10408592224121,1.0,1.0,1.0,0.908309261386211,1.0,1.0,1.0,0.9856779954701468,1.0,0.9892391509319385,0.9892391509319385,True,0.2727272727272727,0.2697924957087105,1.0,0.2697924957087105,0.2697924957087105,6,0.9405827208786015,1.6284674406051636,0.7739050388336182,0.6000000238418579,False
15,572,2.683513641357422,0.45279720425605774,False,0.811188817024231,0.7762237787246704,0.14685314893722534,0.04046059027314186,0.7405976057052612,0.814163863658905,0.9873523712158203,0.6990703344345093,0.8697469830513,2.9486424922943115,0.3928571343421936,84,0.08851902905805215,0.06477049202023803,0.015618370845913887,0.1470637747676583,0.8583915829658508,1.0,0.022883489727973938,1.8066540956497192,0.82638397910508,1.0,0.5,0.1,6,0.12856172025203705,0.12062937021255493,0.21169036626815796,0.1139369085431099,0.12265494465827942,0.1284218281507492,0.2498432993888855,21,40,21,0.03671328671328671,1.0,0.8503885269165039,0.036713287234306335,0.42021873593330383,0.42657342553138733,0.43443918228149414,0.36833035945892334,0.358835369348526,0.3637322783470154,0.3521789312362671,30,162,30,0.05244755244755245,1.0,0.8531907200813293,0.05244754999876022,0.45121946930885315,0.45279720425605774,0.3538704514503479,0.5177327394485474,0.5185096859931946,0.507845938205719,0.3979777693748474,33,242,33,0.057692307692307696,1.0,0.8680505752563477,0.057692307978868484,3,7,18.65584373474121,7,25.741769790649414,7,28.661136627197266,1.0,1.0,1.0,0.8426108440527549,1.0,1.0,1.0,0.9746396081662708,1.0,0.9809187644903651,0.9809187644903651,True,0.3181818181818182,0.3121105159742071,1.0,0.3121105159742071,0.3121105159742071,7,1.2526932368528085,1.6532315015792847,0.7572275996208191,0.6000000238418579,False
16,572,2.6711156368255615,0.45104894042015076,False,0.8024475574493408,0.7674825191497803,0.16258740425109863,0.046374570578336716,0.7405976057052612,0.8259615898132324,0.989396333694458,0.6860213279724121,0.8657799363136292,2.9442574977874756,0.3978494703769684,93,0.08148097094194787,0.05950523586655062,0.015715260058641434,0.16249999999999998,0.8391607999801636,1.0,0.022883489727973938,1.8066540956497192,0.82638397910508,1.0,0.5,0.1,6,0.12439484894275665,0.11538461595773697,0.21169036626815796,0.11281374096870422,0.11921052634716034,0.12471356987953186,0.24784114956855774,23,39,23,0.04020979020979021,1.0,0.8345767855644226,0.04020978882908821,0.43500030040740967,0.45104894042015076,0.43443918228149414,0.37478992342948914,0.36441946029663086,0.368586003780365,0.3541603684425354,33,163,33,0.057692307692307696,1.0,0.8498417735099792,0.057692307978868484,0.4406048357486725,0.4335664212703705,0.3538704514503479,0.5123963356018066,0.5163699984550476,0.5067004561424255,0.39799848198890686,37,237,37,0.06468531468531469,1.0,0.8651291131973267,0.06468531489372253,3,8,20.27117156982422,8,28.213241577148438,8,32.03311538696289,1.0,1.0,1.0,0.7971186878589482,1.0,1.0,1.0,0.9665591771097437,1.0,0.9748130543821165,0.9748130543821165,True,0.36363636363636365,0.35447747432076965,0.97,0.3438431500911465,0.3438431500911465,8,1.596536386943955,1.6730990409851074,0.7422544360160828,0.6000000238418579,False
17,572,2.6642966270446777,0.4597901999950409,False,0.7954545617103577,0.751748263835907,0.1800699234008789,0.05237019062042236,0.7405976057052612,0.8369318246841431,0.99049311876297,0.6734032034873962,0.8606652617454529,2.939103603363037,0.3980582654476166,103,0.07448417022407029,0.05432362642313262,0.01578136906027794,0.1793323719542006,0.8181818127632141,1.0,0.022883489727973938,1.8066540956497192,0.82638397910508,1.0,0.5,0.1,6,0.12240730971097946,0.10839160531759262,0.21169036626815796,0.11156526207923889,0.11653468012809753,0.12170387804508209,0.2461937665939331,25,37,25,0.043706293706293704,1.0,0.8148674964904785,0.043706294149160385,0.44370317459106445,0.4597901999950409,0.43443918228149414,0.3778994381427765,0.3691374659538269,0.37268489599227905,0.3558276891708374,37,162,37,0.06468531468531469,1.0,0.8410583138465881,0.06468531489372253,0.4338894784450531,0.4318181872367859,0.3538704514503479,0.5105353593826294,0.514327883720398,0.5056112408638,0.3979785442352295,41,231,41,0.07167832167832168,1.0,0.8615178465843201,0.07167831808328629,3,9,21.829553604125977,9,31.466487884521484,9,35.35247802734375,1.0,1.0,1.0,0.7509985336890587,1.0,1.0,1.0,0.9579566649463789,1.0,0.9682988086515133,0.9682988086515133,True,0.4090909090909091,0.3961222399028918,0.9409,0.3727114155246309,0.3727114155246309,9,1.969247802468586,1.6895335912704468,0.7298586964607239,0.6000000238418579,False
18,572,2.6993448734283447,0.4615384638309479,False,0.7709789872169495,0.7395104765892029,0.19755244255065918,0.0602264478802681,0.7405976057052612,0.8463481664657593,0.9896602630615234,0.656135082244873,0.854495644569397,2.9446301460266113,0.39823007583618164,113,0.06761065799560066,0.04946930502179065,0.015620662830770016,0.19718488325546069,0.7937062978744507,1.0,0.022883489727973938,1.8066540956497192,0.82638397910508,1.0,0.5,0.1,6,0.13322748243808746,0.12237761914730072,0.21169036626815796,0.11335265636444092,0.11542096734046936,0.12018334865570068,0.2453443706035614,28,37,28,0.04895104895104895,1.0,0.7788398861885071,0.04895104840397835,0.4441666305065155,0.4615384638309479,0.43443918228149414,0.37932273745536804,0.37270230054855347,0.3757563829421997,0.3569977283477783,40,160,40,0.06993006993006994,1.0,0.8333996534347534,0.0699300691485405,0.42260587215423584,0.4160839021205902,0.3538704514503479,0.5073246359825134,0.5118767619132996,0.5040603280067444,0.3976578712463379,45,226,45,0.07867132867132867,1.0,0.8576130270957947,0.07867132872343063,3,10,24.094783782958984,10,33.83433151245117,10,38.62889099121094,1.0,1.0,1.0,0.6905657855363991,1.0,1.0,1.0,0.9459773948220013,1.0,0.9592030895443056,0.9592030895443056,True,0.45454545454545453,0.4360014043383207,0.912673,0.39792670970166816,0.39792670970166816,10,2.367174512170254,1.6982563734054565,0.7222818732261658,0.6000000238418579,False
19,572,2.7023162841796875,0.4580419659614563,False,0.7779720425605774,0.7412587404251099,0.21503496170043945,0.06246430054306984,0.7405976057052612,0.8507620096206665,0.9890956878662109,0.650360643863678,0.848966121673584,2.940354585647583,0.3983739912509918,123,0.06094101990290557,0.04470952903852005,0.015485992655158043,0.21565873830169696,0.7972027659416199,1.0,0.022883489727973938,1.8066540956497192,0.82638397910508,1.0,0.5,0.1,6,0.13416948914527893,0.12237761914730072,0.21169036626815796,0.11311998963356018,0.11461561918258667,0.11895577609539032,0.24465632438659668,30,37,30,0.05244755244755245,1.0,0.7464889883995056,0.05244754999876022,0.4438297748565674,0.4580419659614563,0.43443918228149414,0.38072553277015686,0.37551042437553406,0.3781450688838959,0.35791340470314026,44,161,44,0.07692307692307693,1.0,0.828680694103241,0.07692307233810425,0.4220007061958313,0.4195803999900818,0.3538704514503479,0.506154477596283,0.5098739862442017,0.5028991103172302,0.3974302411079407,49,226,49,0.08566433566433566,1.0,0.853638231754303,0.08566433191299438,3,11,25.52925682067871,11,37.02149963378906,11,41.87208557128906,1.0,1.0,1.0,0.6733515342840781,1.0,1.0,1.0,0.942402171394833,1.0,0.9564828966129237,0.9564828966129237,True,0.5,0.47824144830646187,0.7549460088804251,0.3610464726801575,0.3610464726801575,11,2.7282209848504118,1.7052981853485107,0.7163011431694031,0.6000000238418579,False
20,572,2.7130000591278076,0.43706291913986206,False,0.7989510297775269,0.7604895234107971,0.23426572978496552,0.060706812888383865,0.7405976057052612,0.8536079525947571,0.9899187088012695,0.65573650598526,0.8415704965591431,2.943859577178955,0.3955223858356476,134,0.05455345135451364,0.039691598317451254,0.015902072191238403,0.23434126169830302,0.811188817024231,1.0,0.022883489727973938,1.8066540956497192,0.82638397910508,1.0,0.5,0.1,6,0.13739147782325745,0.13111887872219086,0.21169036626815796,0.11189763247966766,0.11366432160139084,0.11755513399839401,0.24390809237957,33,37,33,0.057692307692307696,1.0,0.6934545636177063,0.057692307978868484,0.42623984813690186,0.4318181872367859,0.43443918228149414,0.37158137559890747,0.37413525581359863,0.3765288293361664,0.3575511872768402,48,160,48,0.08391608391608392,1.0,0.8222430944442749,0.0839160829782486,0.4363686442375183,0.43706291913986206,0.3538704514503479,0.5165210366249084,0.5122004151344299,0.5059160590171814,0.39854076504707336,53,238,53,0.09265734265734266,1.0,0.8495610356330872,0.09265734255313873,3,12,27.516258239746094,12,40.161102294921875,12,45.09309387207031,1.0,1.0,1.0,0.6868706700893548,1.0,1.0,1.0,0.9452163946601739,1.0,0.9586243015596079,0.9586243015596079,True,0.5454545454545454,0.522885982668877,0.5233202830916818,0.2736368404749489,0.2736368404749489,12,3.0018578253253607,1.7119930982589722,0.7150469422340393,0.6000000238418579,False
21,572,2.6917972564697266,0.4562937021255493,False,0.8164335489273071,0.7797202467918396,0.2534964978694916,0.05794747173786163,0.7405976057052612,0.8590831160545349,0.9904003739356995,0.6640769839286804,0.8344257473945618,2.9369492530822754,0.4000000059604645,145,0.048522840751445154,0.03476687903232163,0.016668472439050674,0.25281511674453927,0.8269230723381042,1.0,0.022883489727973938,1.8066540956497192,0.82638397910508,1.0,0.5,0.1,6,0.13102421164512634,0.12062937021255493,0.21169036626815796,0.10976804047822952,0.11230061948299408,0.1157560870051384,0.24295413494110107,35,37,35,0.06118881118881119,1.0,0.5606710910797119,0.06118880957365036,0.4205351173877716,0.42307692766189575,0.43443918228149414,0.36489447951316833,0.3709009885787964,0.3731100261211395,0.3566511869430542,52,161,52,0.09090909090909091,1.0,0.8152496814727783,0.09090909361839294,0.44844070076942444,0.4562937021255493,0.3538704514503479,0.5253375172615051,0.5167983770370483,0.5111339092254639,0.40039464831352234,58,248,58,0.10139860139860139,1.0,0.8457427024841309,0.10139860212802887,3,13,28.56053924560547,13,43.303836822509766,13,49.12736129760742,1.0,1.0,1.0,0.7080963712472181,1.0,1.0,1.0,0.949541291979211,1.0,0.9619121081505514,0.9619121081505514,True,0.5909090909090909,0.5684026093616895,0.3748374022180499,0.2130585575070967,0.2130585575070967,13,3.2149163828324574,1.720193862915039,0.7150847911834717,0.6000000238418579,False
22,572,2.70035457611084,0.4615384638309479,False,0.8181818127632141,0.7814685106277466,0.26923075318336487,0.05870261415839195,0.7405976057052612,0.8645874261856079,0.990609347820282,0.6637933254241943,0.8272861242294312,2.9347736835479736,0.4025973975658417,154,0.04291989148918121,0.030311843924651433,0.017389843240380287,0.27066762804579936,0.8251748085021973,1.0,0.022883489727973938,1.8066540956497192,0.82638397910508,1.0,0.5,0.1,6,0.13426630198955536,0.12237761914730072,0.21169036626815796,0.10971415787935257,0.11139536648988724,0.11443549394607544,0.24226444959640503,38,37,37,0.06468531468531469,0.9736842105263158,0.49462178349494934,0.06468531489372253,0.41090384125709534,0.4160839021205902,0.43443918228149414,0.3603704571723938,0.3672153055667877,0.369253009557724,0.35555124282836914,55,161,55,0.09615384615384616,1.0,0.8106500506401062,0.09615384787321091,0.4548298120498657,0.4615384638309479,0.3538704514503479,0.5299153327941895,0.521389365196228,0.516311526298523,0.40218427777290344,62,249,62,0.10839160839160839,1.0,0.8425105214118958,0.10839160531759262,3,14,29.477787017822266,14,45.60093688964844,14,52.323333740234375,1.0,1.0,1.0,0.7022875833969849,1.0,1.0,1.0,0.9483687795727314,1.0,0.9610211294746238,0.9610211294746238,True,0.6363636363636364,0.6115589005747606,0.3635922801515084,0.22235809510692683,0.22235809510692683,14,3.4372744779393845,1.7257364988327026,0.7168066501617432,0.6000000238418579,False
23,572,2.7168445587158203,0.4597901999950409,False,0.8181818127632141,0.7744755148887634,0.28146854043006897,0.061033569276332855,0.7405976057052612,0.8644537329673767,0.9889268279075623,0.6561140418052673,0.8242231011390686,2.919170618057251,0.40993788838386536,161,0.037810293024996514,0.026502268207862882,0.01776755228638649,0.2875,0.8199300765991211,1.0,0.022883489727973938,1.8066540956497192,0.82638397910508,1.0,0.5,0.1,6,0.13968057930469513,0.1241258755326271,0.21169036626815796,0.1109086275100708,0.11122500896453857,0.11388757079839706,0.24198982119560242,40,37,37,0.06468531468531469,0.925,0.4893060326576233,0.06468531489372253,0.40706929564476013,0.4160839021205902,0.43443918228149414,0.3600929081439972,0.36472246050834656,0.3665701150894165,0.3547402024269104,58,159,58,0.10139860139860139,1.0,0.8069034814834595,0.10139860212802887,0.45325011014938354,0.4597901999950409,0.3538704514503479,0.5289984941482544,0.5240525603294373,0.5195423364639282,0.40327003598213196,66,247,66,0.11538461538461539,1.0,0.8394341468811035,0.11538461595773697,3,15,29.31555938720703,15,47.88569641113281,15,55.4986572265625,1.0,1.0,1.0,0.6843571594128242,1.0,1.0,1.0,0.9446967521211327,1.0,0.9582290141346479,0.9582290141346479,True,0.6818181818181818,0.6533379641827144,0.3526845117469632,0.23042218090353556,0.23042218090353556,15,3.66769665884292,1.727610468864441,0.718927800655365,0.6000000238418579,False
24,572,2.7154479026794434,0.46328669786453247,False,0.8164335489273071,0.7832167744636536,0.2937062978744507,0.06126993149518967,0.7405976057052612,0.8661790490150452,0.9885784387588501,0.6545388698577881,0.8218274116516113,2.9033267498016357,0.4166666567325592,168,0.03325395072913316,0.023160185593374592,0.01808694563806057,0.30293622523234165,0.8234265446662903,1.0,0.022883489727973938,1.8066540956497192,0.82638397910508,1.0,0.5,0.1,6,0.1397203803062439,0.1258741319179535,0.21169036626815796,0.11068101972341537,0.11103460937738419,0.11336581408977509,0.24172401428222656,42,37,37,0.06468531468531469,0.8809523809523809,0.48487597703933716,0.06468531489372253,0.4023318588733673,0.41083917021751404,0.43443918228149414,0.35908836126327515,0.3627505302429199,0.3644108474254608,0.35409608483314514,61,161,61,0.10664335664335664,1.0,0.8044127821922302,0.10664335638284683,0.4579477310180664,0.46328669786453247,0.3538704514503479,0.5302305817604065,0.5262148380279541,0.5222232937812805,0.4041798710823059,70,250,70,0.12237762237762238,1.0,0.8365567326545715,0.12237761914730072,3,16,29.202136993408203,16,50.185089111328125,16,58.679771423339844,1.0,1.0,1.0,0.682538988498541,1.0,1.0,1.0,0.9443198518316172,1.0,0.9579422754488337,0.9579422754488337,True,0.7272727272727273,0.6966852912355155,0.35,0.2438398519324304,0.2438398519324304,16,3.9115365107753504,1.7295234203338623,0.7204346060752869,0.6000000238418579,False
25,572,2.711550712585449,0.46853145956993103,False,0.80594402551651,0.7797202467918396,0.3041957914829254,0.06100615859031677,0.7405976057052612,0.8666166067123413,0.9873550534248352,0.6534552574157715,0.8198633193969727,2.8906805515289307,0.4195402264595032,174,0.029304283549106712,0.020292044921964722,0.01837523840367794,0.31663148397872826,0.8199300765991211,1.0,0.022883489727973938,1.8066540956497192,0.82638397910508,1.0,0.5,0.1,6,0.13912814855575562,0.12762238085269928,0.21169036626815796,0.11075378954410553,0.11093631386756897,0.11298082023859024,0.24153351783752441,44,37,37,0.06468531468531469,0.8409090909090909,0.4814113974571228,0.06468531489372253,0.39720621705055237,0.4038461446762085,0.43443918228149414,0.3573315441608429,0.3608538806438446,0.3623470664024353,0.353465735912323,64,160,64,0.11188811188811189,1.0,0.7967455983161926,0.1118881106376648,0.46366560459136963,0.46853145956993103,0.3538704514503479,0.5319147109985352,0.5282098054885864,0.5246720910072327,0.4050007462501526,73,249,73,0.12762237762237763,1.0,0.8339387774467468,0.12762238085269928,3,17,29.108531951904297,17,52.50786209106445,17,61.039817810058594,1.0,1.0,1.0,0.6845680108437171,1.0,1.0,1.0,0.9447404057707324,1.0,0.9582622231659423,0.9582622231659423,True,0.7727272727272727,0.7404753542645918,0.35,0.2591663739926071,0.2591663739926071,17,4.170702884767957,1.7307299375534058,0.7221697568893433,0.6000000238418579,False
26,572,2.69783878326416,0.470279723405838,False,0.807692289352417,0.7832167744636536,0.31293705105781555,0.060338519513607025,0.7405976057052612,0.8677871227264404,0.9866431951522827,0.6539661288261414,0.8182064294815063,2.8790457248687744,0.42458099126815796,179,0.026007597721387804,0.017922058601060775,0.018617821857333183,0.3282798467894993,0.8251748085021973,1.0,0.022883489727973938,1.8066540956497192,0.82638397910508,1.0,0.5,0.1,6,0.13468167185783386,0.11713286489248276,0.21169036626815796,0.11012613773345947,0.11065275222063065,0.1124635562300682,0.24126029014587402,45,37,37,0.06468531468531469,0.8222222222222222,0.4788711965084076,0.06468531489372253,0.3995741307735443,0.41258740425109863,0.43443918228149414,0.3574989140033722,0.359679639339447,0.361019492149353,0.35309261083602905,66,160,66,0.11538461538461539,1.0,0.7912275791168213,0.11538461595773697,0.46574410796165466,0.470279723405838,0.3538704514503479,0.532374918460846,0.5296676158905029,0.5265169739723206,0.4056471288204193,76,251,76,0.13286713286713286,1.0,0.83207106590271,0.13286712765693665,3,18,29.040058135986328,18,53.99631118774414,18,63.422576904296875,1.0,1.0,1.0,0.6897036960491767,1.0,1.0,1.0,0.9458001596765149,1.0,0.9590683015870549,0.9590683015870549,True,0.8181818181818182,0.7846922467530449,0.35,0.2746422863635657,0.2746422863635657,18,4.445345171131523,1.7329308986663818,0.7225903272628784,0.6000000238418579,False
27,572,2.6897289752960205,0.4720279574394226,False,0.8164335489273071,0.7832167744636536,0.3199300765991211,0.06049730256199837,0.7405976057052612,0.8694123029708862,0.9881005883216858,0.6537257432937622,0.8165891766548157,2.870676040649414,0.4262295067310333,183,0.023402543873117847,0.016073981003688755,0.01878214254975319,0.33762110848780236,0.8234265446662903,1.0,0.022883489727973938,1.8066540956497192,0.82638397910508,1.0,0.5,0.1,6,0.13224080204963684,0.11888112127780914,0.21169036626815796,0.10988681763410568,0.11038467288017273,0.11201305687427521,0.24101713299751282,47,37,37,0.06468531468531469,0.7872340425531915,0.476730078458786,0.06468531489372253,0.3998682498931885,0.40909090638160706,0.43443918228149414,0.3578616976737976,0.3590433597564697,0.36025527119636536,0.35289642214775085,68,161,68,0.11888111888111888,1.0,0.7894777655601501,0.11888112127780914,0.4678909182548523,0.4720279574394226,0.3538704514503479,0.5322515368461609,0.5305719375610352,0.5277316570281982,0.40608644485473633,78,250,78,0.13636363636363635,1.0,0.8302888870239258,0.13636364042758942,3,19,28.989482879638672,19,55.49266815185547,19,64.95368194580078,1.0,1.0,1.0,0.6884822879846278,1.0,1.0,1.0,0.9455487303260767,1.0,0.9588770778400573,0.9588770778400573,True,0.8636363636363636,0.8281211126800495,0.35,0.2898423894380173,0.2898423894380173,19,4.73518756056954,1.7350131273269653,0.7224311828613281,0.6000000238418579,False
28,572,2.675377130508423,0.4737762212753296,False,0.8164335489273071,0.7867133021354675,0.32692307233810425,0.060392171144485474,0.7405976057052612,0.8712209463119507,0.9872101545333862,0.6536813974380493,0.8154566287994385,2.862339496612549,0.427807480096817,187,0.021519663878844367,0.014745120495659847,0.018902745097875595,0.3444466007232676,0.8304196000099182,1.0,0.022883489727973938,1.8066540956497192,0.82638397910508,1.0,0.5,0.1,6,0.1276206523180008,0.1118881106376648,0.21169036626815796,0.10912936180830002,0.10994531959295273,0.11144556105136871,0.24069926142692566,47,37,37,0.06468531468531469,0.7872340425531915,0.47513654828071594,0.06468531489372253,0.40361177921295166,0.4143356680870056,0.43443918228149414,0.3590982258319855,0.3590625822544098,0.3601740300655365,0.3529394865036011,70,162,70,0.12237762237762238,1.0,0.7881900668144226,0.12237761914730072,0.46876761317253113,0.4737762212753296,0.3538704514503479,0.5317723751068115,0.5309921503067017,0.5283804535865784,0.4063612222671509,80,251,80,0.13986013986013987,1.0,0.8289121389389038,0.139860138297081,3,20,28.953998565673828,20,57.0180778503418,20,66.518310546875,1.0,1.0,1.0,0.6892909911962655,1.0,1.0,1.0,0.9457152459037598,1.0,0.9590037221241345,0.9590037221241345,True,0.9090909090909091,0.871821565567395,0.35,0.3051375479485882,0.3051375479485882,20,5.040325108518128,1.7380174398422241,0.7210525870323181,0.6000000238418579,False
29,572,2.658578395843506,0.4755244851112366,False,0.8199300765991211,0.7884615063667297,0.32867133617401123,0.05999182164669037,0.7405976057052612,0.8727063536643982,0.9875904321670532,0.6542274355888367,0.8148282170295715,2.859203338623047,0.4308510720729828,188,0.020381032784966627,0.013921826835920002,0.019057340919971466,0.34860385327814103,0.8339160680770874,1.0,0.022883489727973938,1.8066540956497192,0.82638397910508,1.0,0.5,0.1,6,0.12249281257390976,0.10314685106277466,0.21169036626815796,0.10848502069711685,0.10943421721458435,0.11085780709981918,0.2403697818517685,48,37,37,0.06468531468531469,0.7708333333333334,0.47408217191696167,0.06468531489372253,0.406914085149765,0.42132866382598877,0.43443918228149414,0.3588537573814392,0.3589894771575928,0.3600398600101471,0.3529680669307709,70,161,70,0.12237762237762238,1.0,0.7883456945419312,0.12237761914730072,0.47059309482574463,0.4755244851112366,0.3538704514503479,0.5326612591743469,0.5315763354301453,0.5291023254394531,0.4066621959209442,81,253,81,0.14160839160839161,1.0,0.8280292749404907,0.14160838723182678,3,21,28.92574119567871,21,56.992393493652344,21,67.26957702636719,1.0,1.0,1.0,0.6923706027177663,1.0,1.0,1.0,0.9463478351776298,1.0,0.9594847903639946,0.9594847903639946,True,0.9545454545454546,0.9158718453474494,0.35,0.32055514587160727,0.32055514587160727,21,5.360880254389735,1.7411198616027832,0.7196816802024841,0.6000000238418579,False
30,572,2.649123191833496,0.47902098298072815,False,0.8216783404350281,0.7937062978744507,0.3304195702075958,0.05993178114295006,0.7405976057052612,0.8746858835220337,0.9879312515258789,0.6542823910713196,0.8139533400535583,2.8581888675689697,0.4285714328289032,189,0.02,0.013632807627031167,0.019162653014063835,0.35,0.8356643319129944,1.0,0.022883489727973938,1.8066540956497192,0.82638397910508,1.0,0.5,0.1,6,0.11978287994861603,0.10489509999752045,0.21169036626815796,0.1080259382724762,0.10894132405519485,0.11034208536148071,0.24007567763328552,48,37,37,0.06468531468531469,0.7708333333333334,0.47324636578559875,0.06468531489372253,0.4077354967594147,0.4160839021205902,0.43443918228149414,0.3596901297569275,0.3592347204685211,0.3602599501609802,0.3531046211719513,71,164,71,0.12412587412587413,1.0,0.7832978367805481,0.1241258755326271,0.4724816679954529,0.47902098298072815,0.3538704514503479,0.5322838425636292,0.531823992729187,0.5293979644775391,0.4068197011947632,81,253,81,0.14160839160839161,1.0,0.8273260593414307,0.14160838723182678,3,22,28.898332595825195,22,57.72245788574219,22,67.21638488769531,1.0,1.0,1.0,0.6928324527465379,1.0,1.0,1.0,0.946442498407498,1.0,0.959556772454178,0.959556772454178,True,1.0,0.959556772454178,0.35,0.33584487035896227,0.33584487035896227,22,5.696725124748697,1.7439966201782227,0.7180249691009521,0.6000000238418579,False
